Year,Destination,Origin,Refugees,AsylumSeekers,ReturnedRefugees,IDPs,ReturnedIDPs,StatelessPersons,Others,Total
1968,Lebanon,"Syrian Arab Rep.",1200,,,,,,,1200
1969,Lebanon,"Syrian Arab Rep.",1200,,,,,,,1200
1979,Lebanon,"Syrian Arab Rep.",500,,,,,,,500
1980,Italy,"Syrian Arab Rep.",2,,,,,,,2
1980,Lebanon,"Syrian Arab Rep.",500,,,,,,,500
1981,Italy,"Syrian Arab Rep.",4,,,,,,,4
1981,Lebanon,"Syrian Arab Rep.",500,,,,,,,500
1982,Italy,"Syrian Arab Rep.",4,,,,,,,4
1982,Lebanon,"Syrian Arab Rep.",500,,6000,,,,,6500
1983,Italy,"Syrian Arab Rep.",6,,,,,,,6
1983,Lebanon,"Syrian Arab Rep.",520,,,,,,,520
1984,Italy,"Syrian Arab Rep.",9,,,,,,,9
1984,Lebanon,"Syrian Arab Rep.",520,,,,,,,520
1985,Iraq,"Syrian Arab Rep.",2000,,,,,,,2000
1985,Italy,"Syrian Arab Rep.",9,,,,,,,9
1985,Lebanon,"Syrian Arab Rep.",590,,,,,,,590
1986,Italy,"Syrian Arab Rep.",14,,,,,,,14
1986,Lebanon,"Syrian Arab Rep.",520,,,,,,,520
1987,Italy,"Syrian Arab Rep.",20,,,,,,,20
1988,"United Kingdom","Syrian Arab Rep.",22,,,,,,,22
1988,Greece,"Syrian Arab Rep.",60,,,,,,,60
1988,Italy,"Syrian Arab Rep.",27,,,,,,,27
1988,Lebanon,"Syrian Arab Rep.",520,,,,,,,520
1988,"United States of America","Syrian Arab Rep.",252,,,,,,,252
1989,Denmark,"Syrian Arab Rep.",11,,,,,,,11
1989,"United Kingdom","Syrian Arab Rep.",13,,,,,,,13
1989,Greece,"Syrian Arab Rep.",100,,,,,,,100
1989,Italy,"Syrian Arab Rep.",34,,,,,,,34
1989,"United States of America","Syrian Arab Rep.",239,,,,,,,239
1990,Denmark,"Syrian Arab Rep.",46,,,,,,,46
1990,"United Kingdom","Syrian Arab Rep.",17,,,,,,,17
1990,Italy,"Syrian Arab Rep.",32,,,,,,,32
1990,Sweden,"Syrian Arab Rep.",1796,,,,,,,1796
1990,"United States of America","Syrian Arab Rep.",257,,,,,,,257
1991,Denmark,"Syrian Arab Rep.",71,,,,,,,71
1991,Spain,"Syrian Arab Rep.",34,,,,,,,34
1991,"United Kingdom","Syrian Arab Rep.",16,,,,,,,16
1991,Italy,"Syrian Arab Rep.",32,,,,,,,32
1991,Sweden,"Syrian Arab Rep.",2679,,,,,,,2679
1991,"United States of America","Syrian Arab Rep.",205,,,,,,,205
1992,Denmark,"Syrian Arab Rep.",108,,,,,,,108
1992,Spain,"Syrian Arab Rep.",31,,,,,,,31
1992,"United Kingdom","Syrian Arab Rep.",9,,,,,,,9
1992,Italy,"Syrian Arab Rep.",36,,,,,,,36
1992,Netherlands,"Syrian Arab Rep.",913,,,,,,,913
1992,Sweden,"Syrian Arab Rep.",3157,,,,,,,3157
1992,"United States of America","Syrian Arab Rep.",154,,,,,,,154
1993,"United Arab Emirates","Syrian Arab Rep.",21,,,,,,,21
1993,"Burkina Faso","Syrian Arab Rep.",5,,,,,,,5
1993,Bulgaria,"Syrian Arab Rep.",1,,,,,,,1
1993,"Côte d'Ivoire","Syrian Arab Rep.",3,,,,,,,3
1993,Denmark,"Syrian Arab Rep.",129,,,,,,,129
1993,Ecuador,"Syrian Arab Rep.",12,,,,,,,12
1993,Egypt,"Syrian Arab Rep.",3,,,,,,,3
1993,Spain,"Syrian Arab Rep.",38,,,,,,,38
1993,"United Kingdom","Syrian Arab Rep.",9,,,,,,,9
1993,Greece,"Syrian Arab Rep.",125,,,,,,,125
1993,Italy,"Syrian Arab Rep.",35,,,,,,,35
1993,Netherlands,"Syrian Arab Rep.",1040,,,,,,,1040
1993,Peru,"Syrian Arab Rep.",3,,,,,,,3
1993,"Serbia and Kosovo (S/RES/1244 (1999))","Syrian Arab Rep.",3,,,,,,,3
1993,Sweden,"Syrian Arab Rep.",3216,,,,,,,3216
1993,"United States of America","Syrian Arab Rep.",757,,,,,,,757
1993,"Venezuela (Bolivarian Republic of)","Syrian Arab Rep.",4,,,,,,,4
1994,"United Arab Emirates","Syrian Arab Rep.",16,,,,,,,16
1994,Belgium,"Syrian Arab Rep.",,,1,,,,,1
1994,Bulgaria,"Syrian Arab Rep.",26,,,,,,,26
1994,Canada,"Syrian Arab Rep.",415,,,,,,,415
1994,"Côte d'Ivoire","Syrian Arab Rep.",3,,,,,,,3
1994,Denmark,"Syrian Arab Rep.",129,,,,,,,129
1994,Ecuador,"Syrian Arab Rep.",13,,,,,,,13
1994,Egypt,"Syrian Arab Rep.",5,,,,,,,5
1994,Spain,"Syrian Arab Rep.",32,,,,,,,32
1994,"United Kingdom","Syrian Arab Rep.",5,,,,,,,5
1994,Greece,"Syrian Arab Rep.",118,,,,,,,118
1994,Italy,"Syrian Arab Rep.",35,,,,,,,35
1994,Jordan,"Syrian Arab Rep.",1,,1,,,,,2
1994,Malta,"Syrian Arab Rep.",2,,,,,,,2
1994,Netherlands,"Syrian Arab Rep.",1134,,,,,,,1134
1994,Pakistan,"Syrian Arab Rep.",,,6,,,,,6
1994,Peru,"Syrian Arab Rep.",3,,,,,,,3
1994,"Serbia and Kosovo (S/RES/1244 (1999))","Syrian Arab Rep.",2,,1,,,,,3
1994,Sweden,"Syrian Arab Rep.",3384,,,,,,,3384
1994,"United States of America","Syrian Arab Rep.",1760,,,,,,,1760
1994,"Venezuela (Bolivarian Republic of)","Syrian Arab Rep.",4,,,,,,,4
1995,Albania,"Syrian Arab Rep.",3,,,,,,,3
1995,"United Arab Emirates","Syrian Arab Rep.",13,,,,,,,13
1995,Bulgaria,"Syrian Arab Rep.",31,,,,,,,31
1995,Canada,"Syrian Arab Rep.",365,,,,,,,365
1995,Denmark,"Syrian Arab Rep.",129,,,,,,,129
1995,Ecuador,"Syrian Arab Rep.",15,,,,,,,15
1995,Egypt,"Syrian Arab Rep.",2,,,,,,,2
1995,Spain,"Syrian Arab Rep.",24,,,,,,,24
1995,France,"Syrian Arab Rep.",213,,,,,,,213
1995,"United Kingdom","Syrian Arab Rep.",5,,,,,,,5
1995,Italy,"Syrian Arab Rep.",41,,,,,,,41
1995,Libya,"Syrian Arab Rep.",57,,,,,,,57
1995,Morocco,"Syrian Arab Rep.",1,,,,,,,1
1995,Malta,"Syrian Arab Rep.",4,,,,,,,4
1995,Netherlands,"Syrian Arab Rep.",1274,,,,,,,1274
1995,"New Zealand","Syrian Arab Rep.",7,,,,,,,7
1995,Peru,"Syrian Arab Rep.",3,,,,,,,3
1995,"Serbia and Kosovo (S/RES/1244 (1999))","Syrian Arab Rep.",1,,,,,,,1
1995,Sweden,"Syrian Arab Rep.",3364,,,,,,,3364
1995,Tunisia,"Syrian Arab Rep.",5,,,,,,,5
1995,Turkey,"Syrian Arab Rep.",43,,,,,,,43
1995,"United States of America","Syrian Arab Rep.",2394,,,,,,,2394
1996,Albania,"Syrian Arab Rep.",3,,,,,,,3
1996,"United Arab Emirates","Syrian Arab Rep.",11,,1,,,,,12
1996,Australia,"Syrian Arab Rep.",18,,,,,,,18
1996,Belgium,"Syrian Arab Rep.",238,,,,,,,238
1996,Bulgaria,"Syrian Arab Rep.",37,,,,,,,37
1996,Canada,"Syrian Arab Rep.",340,,,,,,,340
1996,Denmark,"Syrian Arab Rep.",127,,,,,,,127
1996,Ecuador,"Syrian Arab Rep.",15,,,,,,,15
1996,Spain,"Syrian Arab Rep.",7,,,,,,,7
1996,France,"Syrian Arab Rep.",192,,,,,,,192
1996,"United Kingdom","Syrian Arab Rep.",5,,,,,,,5
1996,Italy,"Syrian Arab Rep.",36,,,,,,,36
1996,Libya,"Syrian Arab Rep.",80,,,,,,,80
1996,Morocco,"Syrian Arab Rep.",1,,,,,,,1
1996,Malta,"Syrian Arab Rep.",5,,,,,,,5
1996,Netherlands,"Syrian Arab Rep.",1502,,,,,,,1502
1996,"New Zealand","Syrian Arab Rep.",7,,,,,,,7
1996,Peru,"Syrian Arab Rep.",3,,,,,,,3
1996,"Serbia and Kosovo (S/RES/1244 (1999))","Syrian Arab Rep.",1,,,,,,,1
1996,Sweden,"Syrian Arab Rep.",3240,,,,,,,3240
1996,Tunisia,"Syrian Arab Rep.",5,,,,,,,5
1996,Turkey,"Syrian Arab Rep.",33,,,,,,,33
1996,"United States of America","Syrian Arab Rep.",2703,,,,,,,2703
1997,Albania,"Syrian Arab Rep.",3,,,,,,,3
1997,"United Arab Emirates","Syrian Arab Rep.",10,,,,,,,10
1997,Australia,"Syrian Arab Rep.",26,,,,,,,26
1997,Belgium,"Syrian Arab Rep.",238,,,,,,,238
1997,Bulgaria,"Syrian Arab Rep.",1,,,,,,,1
1997,Canada,"Syrian Arab Rep.",324,,,,,,,324
1997,"Côte d'Ivoire","Syrian Arab Rep.",3,,,,,,,3
1997,Denmark,"Syrian Arab Rep.",145,,,,,,,145
1997,Algeria,"Syrian Arab Rep.",2,,,,,,,2
1997,Ecuador,"Syrian Arab Rep.",15,,,,,,,15
1997,Egypt,"Syrian Arab Rep.",2,,,,,,,2
1997,Spain,"Syrian Arab Rep.",8,,,,,,,8
1997,France,"Syrian Arab Rep.",196,,,,,,,196
1997,"United Kingdom","Syrian Arab Rep.",5,,,,,,,5
1997,Italy,"Syrian Arab Rep.",34,,,,,,,34
1997,Kazakhstan,"Syrian Arab Rep.",3,,,,,,,3
1997,Malta,"Syrian Arab Rep.",5,,,,,,,5
1997,Netherlands,"Syrian Arab Rep.",1636,,,,,,,1636
1997,Norway,"Syrian Arab Rep.",50,,,,,,,50
1997,"New Zealand","Syrian Arab Rep.",20,,,,,,,20
1997,Peru,"Syrian Arab Rep.",3,,,,,,,3
1997,Poland,"Syrian Arab Rep.",14,,,,,,,14
1997,Romania,"Syrian Arab Rep.",2,,,,,,,2
1997,"Serbia and Kosovo (S/RES/1244 (1999))","Syrian Arab Rep.",1,,,,,,,1
1997,Sweden,"Syrian Arab Rep.",3165,,,,,,,3165
1997,Tunisia,"Syrian Arab Rep.",5,,,,,,,5
1997,"United States of America","Syrian Arab Rep.",2737,,,,,,,2737
1998,Albania,"Syrian Arab Rep.",3,,,,,,,3
1998,"United Arab Emirates","Syrian Arab Rep.",4,,,,,,,4
1998,Australia,"Syrian Arab Rep.",34,,,,,,,34
1998,Austria,"Syrian Arab Rep.",91,,,,,,,91
1998,Belgium,"Syrian Arab Rep.",105,,,,,,,105
1998,Bulgaria,"Syrian Arab Rep.",1,,,,,,,1
1998,Belarus,"Syrian Arab Rep.",,,,,,,1,1
1998,Canada,"Syrian Arab Rep.",333,,,,,,,333
1998,Switzerland,"Syrian Arab Rep.",59,,,,,,,59
1998,"Côte d'Ivoire","Syrian Arab Rep.",3,,,,,,,3
1998,Cyprus,"Syrian Arab Rep.",5,,,,,,,5
1998,Denmark,"Syrian Arab Rep.",144,,,,,,,144
1998,Ecuador,"Syrian Arab Rep.",15,,,,,,,15
1998,Spain,"Syrian Arab Rep.",10,,,,,,,10
1998,Finland,"Syrian Arab Rep.",27,,,,,,,27
1998,France,"Syrian Arab Rep.",192,,,,,,,192
1998,"United Kingdom","Syrian Arab Rep.",5,,,,,,,5
1998,Israel,"Syrian Arab Rep.",5,,,,,,,5
1998,Italy,"Syrian Arab Rep.",28,,,,,,,28
1998,Jordan,"Syrian Arab Rep.",10,,,,,,,10
1998,Kazakhstan,"Syrian Arab Rep.",3,,,,,,,3
1998,Libya,"Syrian Arab Rep.",9,,,,,,,9
1998,Malta,"Syrian Arab Rep.",1,,,,,,,1
1998,Netherlands,"Syrian Arab Rep.",1711,,,,,,,1711
1998,Norway,"Syrian Arab Rep.",71,,,,,,,71
1998,"New Zealand","Syrian Arab Rep.",24,,,,,,,24
1998,Peru,"Syrian Arab Rep.",3,,,,,,,3
1998,Poland,"Syrian Arab Rep.",14,,,,,,,14
1998,Romania,"Syrian Arab Rep.",8,,,,,,,8
1998,"Serbia and Kosovo (S/RES/1244 (1999))","Syrian Arab Rep.",1,,,,,,,1
1998,Sweden,"Syrian Arab Rep.",3014,,,,,,,3014
1998,Tunisia,"Syrian Arab Rep.",5,,,,,,,5
1998,Ukraine,"Syrian Arab Rep.",23,,,,,,,23
1998,"United States of America","Syrian Arab Rep.",2165,,,,,,,2165
1999,"United Arab Emirates","Syrian Arab Rep.",17,,,,,,,17
1999,Australia,"Syrian Arab Rep.",39,,,,,,,39
1999,Austria,"Syrian Arab Rep.",85,,,,,,,85
1999,Belgium,"Syrian Arab Rep.",103,,,,,,,103
1999,Bulgaria,"Syrian Arab Rep.",2,,,,,,,2
1999,Canada,"Syrian Arab Rep.",364,,,,,,,364
1999,Switzerland,"Syrian Arab Rep.",109,,,,,,,109
1999,"Côte d'Ivoire","Syrian Arab Rep.",3,,,,,,,3
1999,Cyprus,"Syrian Arab Rep.",15,,,,,,,15
1999,Denmark,"Syrian Arab Rep.",231,,,,,,,231
1999,Ecuador,"Syrian Arab Rep.",15,,,,,,,15
1999,Spain,"Syrian Arab Rep.",18,,,,,,,18
1999,Finland,"Syrian Arab Rep.",27,,,,,,,27
1999,France,"Syrian Arab Rep.",174,,,,,,,174
1999,"United Kingdom","Syrian Arab Rep.",5,,,,,,,5
1999,Hungary,"Syrian Arab Rep.",2,,,,,,,2
1999,Ireland,"Syrian Arab Rep.",2,,,,,,,2
1999,Israel,"Syrian Arab Rep.",4,,,,,,,4
1999,Italy,"Syrian Arab Rep.",21,,,,,,,21
1999,Jordan,"Syrian Arab Rep.",1,,,,,,,1
1999,Kazakhstan,"Syrian Arab Rep.",3,,,,,,,3
1999,Malta,"Syrian Arab Rep.",1,,,,,,,1
1999,Netherlands,"Syrian Arab Rep.",1654,,,,,,,1654
1999,Norway,"Syrian Arab Rep.",120,,,,,,,120
1999,"New Zealand","Syrian Arab Rep.",17,,,,,,,17
1999,Peru,"Syrian Arab Rep.",3,,,,,,,3
1999,Poland,"Syrian Arab Rep.",14,,,,,,,14
1999,Romania,"Syrian Arab Rep.",14,,,,,,,14
1999,"Serbia and Kosovo (S/RES/1244 (1999))","Syrian Arab Rep.",1,,,,,,,1
1999,Sweden,"Syrian Arab Rep.",2419,,,,,,,2419
1999,Tunisia,"Syrian Arab Rep.",5,,,,,,,5
1999,Ukraine,"Syrian Arab Rep.",29,,,,,,,29
1999,"United States of America","Syrian Arab Rep.",1178,,,,,,,1178
2000,"United Arab Emirates","Syrian Arab Rep.",43,49,,,,,,92
2000,Australia,"Syrian Arab Rep.",61,61,,,,,,122
2000,Austria,"Syrian Arab Rep.",85,,,,,,,85
2000,Azerbaijan,"Syrian Arab Rep.",1,,,,,,,1
2000,Belgium,"Syrian Arab Rep.",102,,,,,,,102
2000,Benin,"Syrian Arab Rep.",1,1,,,,,,2
2000,Bulgaria,"Syrian Arab Rep.",11,25,,,,,,36
2000,Belarus,"Syrian Arab Rep.",,3,,,,,,3
2000,Belize,"Syrian Arab Rep.",,15,,,,,,15
2000,Brazil,"Syrian Arab Rep.",5,,,,,,,5
2000,Canada,"Syrian Arab Rep.",390,98,,,,,,488
2000,Switzerland,"Syrian Arab Rep.",137,152,,,,,,289
2000,"Côte d'Ivoire","Syrian Arab Rep.",3,,,,,,,3
2000,Cuba,"Syrian Arab Rep.",6,,,,,,,6
2000,Cyprus,"Syrian Arab Rep.",4,4,,,,,,8
2000,"Czech Rep.","Syrian Arab Rep.",,15,,,,,,15
2000,Germany,"Syrian Arab Rep.",,1046,,,,,,1046
2000,Denmark,"Syrian Arab Rep.",219,39,,,,,,258
2000,Algeria,"Syrian Arab Rep.",4,,,,,,,4
2000,Ecuador,"Syrian Arab Rep.",15,,,,,,,15
2000,Egypt,"Syrian Arab Rep.",,1,,,,,,1
2000,Eritrea,"Syrian Arab Rep.",,,1,,,,,1
2000,Spain,"Syrian Arab Rep.",18,,,,,,,18
2000,Finland,"Syrian Arab Rep.",26,,,,,,,26
2000,France,"Syrian Arab Rep.",148,,,,,,,148
2000,Greece,"Syrian Arab Rep.",30,3,,,,,,33
2000,Hungary,"Syrian Arab Rep.",8,8,,,,,,16
2000,Indonesia,"Syrian Arab Rep.",,1,,,,,,1
2000,Ireland,"Syrian Arab Rep.",2,,,,,,,2
2000,Iraq,"Syrian Arab Rep.",49,78,2,,,,,129
2000,Iceland,"Syrian Arab Rep.",1,,,,,,,1
2000,Israel,"Syrian Arab Rep.",4,4,1,,,,,9
2000,Italy,"Syrian Arab Rep.",24,,,,,,,24
2000,Jordan,"Syrian Arab Rep.",2,110,,,,,,112
2000,Kazakhstan,"Syrian Arab Rep.",3,,,,,,,3
2000,Morocco,"Syrian Arab Rep.",9,,,,,,,9
2000,"Rep. of Moldova","Syrian Arab Rep.",,2,,,,,,2
2000,Malta,"Syrian Arab Rep.",1,,,,,,,1
2000,Netherlands,"Syrian Arab Rep.",1618,1829,,,,,,3447
2000,Norway,"Syrian Arab Rep.",113,,,,,,,113
2000,"New Zealand","Syrian Arab Rep.",42,,,,,,,42
2000,Oman,"Syrian Arab Rep.",,1,,,,,,1
2000,Pakistan,"Syrian Arab Rep.",,3,,,,,,3
2000,Peru,"Syrian Arab Rep.",3,,,,,,,3
2000,Poland,"Syrian Arab Rep.",14,,,,,,,14
2000,Qatar,"Syrian Arab Rep.",6,,,,,,,6
2000,Romania,"Syrian Arab Rep.",14,,,,,,,14
2000,"Saudi Arabia","Syrian Arab Rep.",6,8,,,,,,14
2000,"Serbia and Kosovo (S/RES/1244 (1999))","Syrian Arab Rep.",1,1,,,,,,2
2000,Slovakia,"Syrian Arab Rep.",2,1,,,,,,3
2000,Sweden,"Syrian Arab Rep.",2028,,,,,,,2028
2000,Tunisia,"Syrian Arab Rep.",5,,,,,,,5
2000,Turkey,"Syrian Arab Rep.",1,2,,,,,,3
2000,Ukraine,"Syrian Arab Rep.",36,3,,,,,,39
2000,"United States of America","Syrian Arab Rep.",560,168,,,,,,728
2000,Yemen,"Syrian Arab Rep.",10,1,,,,,,11
2001,"United Arab Emirates","Syrian Arab Rep.",39,52,,,,,,91
2001,Australia,"Syrian Arab Rep.",73,48,,,,,,121
2001,Austria,"Syrian Arab Rep.",79,,,,,,,79
2001,Azerbaijan,"Syrian Arab Rep.",1,1,,,,,,2
2001,Belgium,"Syrian Arab Rep.",47,,,,,,,47
2001,Benin,"Syrian Arab Rep.",1,,,,,,,1
2001,Bulgaria,"Syrian Arab Rep.",58,,,,,,,58
2001,"Bosnia and Herzegovina","Syrian Arab Rep.",,2,,,,,,2
2001,Belarus,"Syrian Arab Rep.",,3,,,,,,3
2001,Brazil,"Syrian Arab Rep.",5,,,,,,,5
2001,Canada,"Syrian Arab Rep.",427,134,,,,,,561
2001,Switzerland,"Syrian Arab Rep.",157,185,,,,,,342
2001,"Côte d'Ivoire","Syrian Arab Rep.",3,,,,,,,3
2001,Cyprus,"Syrian Arab Rep.",4,26,,,,,,30
2001,"Czech Rep.","Syrian Arab Rep.",7,16,,,,,,23
2001,Germany,"Syrian Arab Rep.",,1152,,,,,,1152
2001,Denmark,"Syrian Arab Rep.",169,68,,,,,,237
2001,Algeria,"Syrian Arab Rep.",8,,,,,,,8
2001,Ecuador,"Syrian Arab Rep.",2,,,,,,,2
2001,Egypt,"Syrian Arab Rep.",2,8,,,,,,10
2001,Spain,"Syrian Arab Rep.",20,,,,,,,20
2001,Estonia,"Syrian Arab Rep.",,4,,,,,,4
2001,Finland,"Syrian Arab Rep.",32,,,,,,,32
2001,France,"Syrian Arab Rep.",192,,,,,,,192
2001,Greece,"Syrian Arab Rep.",41,4,,,,,,45
2001,Hungary,"Syrian Arab Rep.",9,1,,,,,,10
2001,Indonesia,"Syrian Arab Rep.",,1,,,,,,1
2001,Ireland,"Syrian Arab Rep.",9,,,,,,,9
2001,Iraq,"Syrian Arab Rep.",101,11,,,,,,112
2001,Iceland,"Syrian Arab Rep.",1,,,,,,,1
2001,Israel,"Syrian Arab Rep.",,3,,,,,,3
2001,Italy,"Syrian Arab Rep.",22,,,,,,,22
2001,Jordan,"Syrian Arab Rep.",2,160,,,,,,162
2001,Kazakhstan,"Syrian Arab Rep.",1,,,,,,,1
2001,Morocco,"Syrian Arab Rep.",9,,,,,,,9
2001,"Rep. of Moldova","Syrian Arab Rep.",,1,,,,,,1
2001,Malta,"Syrian Arab Rep.",1,1,,,,,,2
2001,Netherlands,"Syrian Arab Rep.",1518,1764,,,,,,3282
2001,Norway,"Syrian Arab Rep.",105,,,,,,,105
2001,"New Zealand","Syrian Arab Rep.",42,,,,,,,42
2001,Oman,"Syrian Arab Rep.",,1,,,,,,1
2001,Pakistan,"Syrian Arab Rep.",,1,,,,,,1
2001,Peru,"Syrian Arab Rep.",3,1,,,,,,4
2001,Poland,"Syrian Arab Rep.",16,,,,,,,16
2001,Qatar,"Syrian Arab Rep.",6,,,,,,,6
2001,Romania,"Syrian Arab Rep.",16,,,,,,,16
2001,"Saudi Arabia","Syrian Arab Rep.",6,13,,,,,,19
2001,Sudan,"Syrian Arab Rep.",,1,,,,,,1
2001,"Serbia and Kosovo (S/RES/1244 (1999))","Syrian Arab Rep.",,1,,,,,,1
2001,Slovakia,"Syrian Arab Rep.",2,7,,,,,,9
2001,Sweden,"Syrian Arab Rep.",1268,,,,,,,1268
2001,Tunisia,"Syrian Arab Rep.",5,,,,,,,5
2001,Turkey,"Syrian Arab Rep.",6,2,,,,,,8
2001,Ukraine,"Syrian Arab Rep.",44,8,,,,,,52
2001,"United States of America","Syrian Arab Rep.",297,182,,,,,,479
2001,Uzbekistan,"Syrian Arab Rep.",,1,,,,,,1
2001,Yemen,"Syrian Arab Rep.",13,,,,,,,13
2001,"South Africa","Syrian Arab Rep.",,1,,,,,,1
2002,"United Arab Emirates","Syrian Arab Rep.",18,60,,,,,,78
2002,Australia,"Syrian Arab Rep.",72,20,,,,,,92
2002,Austria,"Syrian Arab Rep.",61,,,,,,,61
2002,Azerbaijan,"Syrian Arab Rep.",1,,,,,,,1
2002,Belgium,"Syrian Arab Rep.",31,,,,,,,31
2002,Benin,"Syrian Arab Rep.",1,,,,,,,1
2002,Bulgaria,"Syrian Arab Rep.",61,,,,,,,61
2002,"Bosnia and Herzegovina","Syrian Arab Rep.",,1,,,,,,1
2002,Belarus,"Syrian Arab Rep.",,2,,,,,,2
2002,Brazil,"Syrian Arab Rep.",5,1,,,,,,6
2002,Canada,"Syrian Arab Rep.",432,142,,,,,,574
2002,Switzerland,"Syrian Arab Rep.",180,254,,,,,,434
2002,"Côte d'Ivoire","Syrian Arab Rep.",3,,,,,,,3
2002,Cyprus,"Syrian Arab Rep.",7,20,,,,,,27
2002,"Czech Rep.","Syrian Arab Rep.",10,7,,,,,,17
2002,Germany,"Syrian Arab Rep.",14398,1279,,,,,,15677
2002,Denmark,"Syrian Arab Rep.",180,49,,,,,,229
2002,Algeria,"Syrian Arab Rep.",4,,,,,,,4
2002,Egypt,"Syrian Arab Rep.",2,9,,,,,,11
2002,Spain,"Syrian Arab Rep.",20,,,,,,,20
2002,Finland,"Syrian Arab Rep.",25,,,,,,,25
2002,France,"Syrian Arab Rep.",207,,,,,,,207
2002,Greece,"Syrian Arab Rep.",55,4,,,,,,59
2002,Hungary,"Syrian Arab Rep.",10,10,,,,,,20
2002,Indonesia,"Syrian Arab Rep.",1,1,,,,,,2
2002,Ireland,"Syrian Arab Rep.",13,,,,,,,13
2002,Iraq,"Syrian Arab Rep.",100,6,,,,,,106
2002,Iceland,"Syrian Arab Rep.",1,,,,,,,1
2002,Israel,"Syrian Arab Rep.",,1,,,,,,1
2002,Italy,"Syrian Arab Rep.",36,,,,,,,36
2002,Jordan,"Syrian Arab Rep.",5,65,1,,,,,71
2002,Kyrgyzstan,"Syrian Arab Rep.",,1,,,,,,1
2002,Morocco,"Syrian Arab Rep.",9,,,,,,,9
2002,"Rep. of Moldova","Syrian Arab Rep.",,3,,,,,,3
2002,Mexico,"Syrian Arab Rep.",,1,,,,,,1
2002,Malta,"Syrian Arab Rep.",4,,,,,,,4
2002,Netherlands,"Syrian Arab Rep.",1454,1256,,,,,,2710
2002,Norway,"Syrian Arab Rep.",107,,,,,,,107
2002,"New Zealand","Syrian Arab Rep.",35,,,,,,,35
2002,Oman,"Syrian Arab Rep.",,1,,,,,,1
2002,Pakistan,"Syrian Arab Rep.",,1,,,,,,1
2002,Peru,"Syrian Arab Rep.",2,2,,,,,,4
2002,Poland,"Syrian Arab Rep.",16,1,,,,,,17
2002,Romania,"Syrian Arab Rep.",16,3,,,,,,19
2002,"Saudi Arabia","Syrian Arab Rep.",,1,,,,,,1
2002,Sudan,"Syrian Arab Rep.",1,,,,,,,1
2002,Slovakia,"Syrian Arab Rep.",,5,,,,,,5
2002,Sweden,"Syrian Arab Rep.",970,871,,,,,,1841
2002,Tunisia,"Syrian Arab Rep.",5,,,,,,,5
2002,Turkey,"Syrian Arab Rep.",6,5,,,,,,11
2002,Ukraine,"Syrian Arab Rep.",45,,,,,,,45
2002,"United States of America","Syrian Arab Rep.",291,190,,,,,,481
2002,Uzbekistan,"Syrian Arab Rep.",,2,,,,,,2
2002,Yemen,"Syrian Arab Rep.",13,1,,,,,,14
2003,"United Arab Emirates","Syrian Arab Rep.",18,27,,,,,,45
2003,Armenia,"Syrian Arab Rep.",,3,,,,,,3
2003,Australia,"Syrian Arab Rep.",71,19,,,,,,90
2003,Austria,"Syrian Arab Rep.",61,,,,,,,61
2003,Azerbaijan,"Syrian Arab Rep.",1,,,,,,,1
2003,Belgium,"Syrian Arab Rep.",19,170,,,,,,189
2003,Benin,"Syrian Arab Rep.",1,,,,,,,1
2003,Bulgaria,"Syrian Arab Rep.",65,,,,,,,65
2003,"Bosnia and Herzegovina","Syrian Arab Rep.",1,1,,,,,,2
2003,Belarus,"Syrian Arab Rep.",,2,,,,,,2
2003,Brazil,"Syrian Arab Rep.",5,2,,,,,,7
2003,Canada,"Syrian Arab Rep.",424,162,,,,,,586
2003,Switzerland,"Syrian Arab Rep.",178,135,,,,,,313
2003,"Côte d'Ivoire","Syrian Arab Rep.",3,,,,,,,3
2003,Cyprus,"Syrian Arab Rep.",13,44,,,,,,57
2003,"Czech Rep.","Syrian Arab Rep.",14,3,,,,,,17
2003,Germany,"Syrian Arab Rep.",15745,703,,,,,,16448
2003,Denmark,"Syrian Arab Rep.",172,28,,,,,,200
2003,Algeria,"Syrian Arab Rep.",3,1,,,,,,4
2003,Ecuador,"Syrian Arab Rep.",,1,,,,,,1
2003,Egypt,"Syrian Arab Rep.",6,12,,,,,,18
2003,Spain,"Syrian Arab Rep.",15,,,,,,,15
2003,Finland,"Syrian Arab Rep.",34,,,,,,,34
2003,France,"Syrian Arab Rep.",191,,,,,,,191
2003,"United Kingdom","Syrian Arab Rep.",16,,,,,,,16
2003,Greece,"Syrian Arab Rep.",55,12,,,,,,67
2003,Hungary,"Syrian Arab Rep.",17,12,,,,,,29
2003,Indonesia,"Syrian Arab Rep.",1,,,,,,,1
2003,Ireland,"Syrian Arab Rep.",15,16,,,,,,31
2003,Iraq,"Syrian Arab Rep.",643,6,,,,,,649
2003,Iceland,"Syrian Arab Rep.",1,,,,,,,1
2003,Italy,"Syrian Arab Rep.",35,,,,,,,35
2003,Jordan,"Syrian Arab Rep.",28,68,,,,,,96
2003,Kyrgyzstan,"Syrian Arab Rep.",,18,,,,,,18
2003,Morocco,"Syrian Arab Rep.",9,1,,,,,,10
2003,"Rep. of Moldova","Syrian Arab Rep.",,12,,,,,,12
2003,Mexico,"Syrian Arab Rep.",,1,,,,,,1
2003,Malta,"Syrian Arab Rep.",7,,,,,,,7
2003,Malaysia,"Syrian Arab Rep.",,1,,,,,,1
2003,Netherlands,"Syrian Arab Rep.",1479,840,,,,,,2319
2003,Norway,"Syrian Arab Rep.",93,,,,,,,93
2003,"New Zealand","Syrian Arab Rep.",39,4,,,,,,43
2003,Oman,"Syrian Arab Rep.",,1,,,,,,1
2003,Pakistan,"Syrian Arab Rep.",7,,,,,,,7
2003,Peru,"Syrian Arab Rep.",1,2,,,,,,3
2003,Poland,"Syrian Arab Rep.",16,3,,,,,,19
2003,Qatar,"Syrian Arab Rep.",,1,,,,,,1
2003,Romania,"Syrian Arab Rep.",21,4,,,,,,25
2003,"Saudi Arabia","Syrian Arab Rep.",1,,,,,,,1
2003,Sudan,"Syrian Arab Rep.",1,,,,,,,1
2003,Slovakia,"Syrian Arab Rep.",,43,,,,,,43
2003,Sweden,"Syrian Arab Rep.",1048,886,,,,,,1934
2003,Tunisia,"Syrian Arab Rep.",5,,,,,,,5
2003,Turkey,"Syrian Arab Rep.",3,5,,,,,,8
2003,Ukraine,"Syrian Arab Rep.",42,24,,,,,,66
2003,"United States of America","Syrian Arab Rep.",182,211,,,,,,393
2003,Uzbekistan,"Syrian Arab Rep.",,1,,,,,,1
2003,Yemen,"Syrian Arab Rep.",14,67,,,,,,81
2004,"United Arab Emirates","Syrian Arab Rep.",34,25,,,,,,59
2004,Australia,"Syrian Arab Rep.",103,2,,,,,,105
2004,Austria,"Syrian Arab Rep.",75,,,,,,,75
2004,Azerbaijan,"Syrian Arab Rep.",2,,,,,,,2
2004,Belgium,"Syrian Arab Rep.",80,253,,,,,,333
2004,Benin,"Syrian Arab Rep.",1,,,,,,,1
2004,Bulgaria,"Syrian Arab Rep.",72,2,,,,,,74
2004,"Bosnia and Herzegovina","Syrian Arab Rep.",1,1,,,,,,2
2004,Belarus,"Syrian Arab Rep.",,3,,,,,,3
2004,Brazil,"Syrian Arab Rep.",5,1,,,,,,6
2004,Canada,"Syrian Arab Rep.",459,95,,,,,,554
2004,Switzerland,"Syrian Arab Rep.",179,106,,,,,,285
2004,"Côte d'Ivoire","Syrian Arab Rep.",3,,,,,,,3
2004,Cyprus,"Syrian Arab Rep.",26,532,,,,,,558
2004,"Czech Rep.","Syrian Arab Rep.",14,,,,,,,14
2004,Germany,"Syrian Arab Rep.",16184,475,,,,,,16659
2004,Denmark,"Syrian Arab Rep.",177,18,,,,,,195
2004,Algeria,"Syrian Arab Rep.",3,1,,,,,,4
2004,Ecuador,"Syrian Arab Rep.",,2,,,,,,2
2004,Egypt,"Syrian Arab Rep.",1,3,,,,,,4
2004,Spain,"Syrian Arab Rep.",21,,,,,,,21
2004,Finland,"Syrian Arab Rep.",40,,,,,,,40
2004,France,"Syrian Arab Rep.",205,,,,,,,205
2004,"United Kingdom","Syrian Arab Rep.",44,,,,,,,44
2004,Greece,"Syrian Arab Rep.",50,28,,,,,,78
2004,Hungary,"Syrian Arab Rep.",29,4,,,,,,33
2004,Indonesia,"Syrian Arab Rep.",2,,,,,,,2
2004,Ireland,"Syrian Arab Rep.",21,18,,,,,,39
2004,Iraq,"Syrian Arab Rep.",489,602,158,,,,,1249
2004,Iceland,"Syrian Arab Rep.",1,,,,,,,1
2004,Israel,"Syrian Arab Rep.",1,,,,,,,1
2004,Italy,"Syrian Arab Rep.",41,,,,,,,41
2004,Jordan,"Syrian Arab Rep.",37,77,,,,,,114
2004,Kyrgyzstan,"Syrian Arab Rep.",6,2,,,,,,8
2004,Kuwait,"Syrian Arab Rep.",,4,,,,,,4
2004,Morocco,"Syrian Arab Rep.",3,1,,,,,,4
2004,"Rep. of Moldova","Syrian Arab Rep.",,17,,,,,,17
2004,Malta,"Syrian Arab Rep.",10,2,,,,,,12
2004,Malaysia,"Syrian Arab Rep.",,2,,,,,,2
2004,Netherlands,"Syrian Arab Rep.",1588,549,,,,,,2137
2004,Norway,"Syrian Arab Rep.",132,,,,,,,132
2004,"New Zealand","Syrian Arab Rep.",49,16,,,,,,65
2004,Oman,"Syrian Arab Rep.",,1,,,,,,1
2004,Pakistan,"Syrian Arab Rep.",8,,,,,,,8
2004,Peru,"Syrian Arab Rep.",,2,,,,,,2
2004,Poland,"Syrian Arab Rep.",4,5,,,,,,9
2004,Qatar,"Syrian Arab Rep.",,3,,,,,,3
2004,Romania,"Syrian Arab Rep.",21,5,,,,,,26
2004,"Saudi Arabia","Syrian Arab Rep.",5,,,,,,,5
2004,Sudan,"Syrian Arab Rep.",1,,,,,,,1
2004,Slovakia,"Syrian Arab Rep.",,16,,,,,,16
2004,Sweden,"Syrian Arab Rep.",940,606,,,,,,1546
2004,"Syrian Arab Rep.","Syrian Arab Rep.",,,,,,300000,,300000
2004,Tunisia,"Syrian Arab Rep.",5,,,,,,,5
2004,Turkey,"Syrian Arab Rep.",,14,,,,,,14
2004,Ukraine,"Syrian Arab Rep.",40,43,,,,,,83
2004,"United States of America","Syrian Arab Rep.",197,207,,,,,,404
2004,Uzbekistan,"Syrian Arab Rep.",,8,,,,,,8
2004,Yemen,"Syrian Arab Rep.",25,43,,,,,,68
2005,"United Arab Emirates","Syrian Arab Rep.",34,55,,,,,,89
2005,Australia,"Syrian Arab Rep.",124,3,,,,,,127
2005,Austria,"Syrian Arab Rep.",122,,,,,,,122
2005,Azerbaijan,"Syrian Arab Rep.",1,2,,,,,,3
2005,Belgium,"Syrian Arab Rep.",115,409,,,,,,524
2005,Benin,"Syrian Arab Rep.",1,,,,,,,1
2005,Bulgaria,"Syrian Arab Rep.",78,,,,,,,78
2005,"Bosnia and Herzegovina","Syrian Arab Rep.",1,,,,,,,1
2005,Belarus,"Syrian Arab Rep.",,1,,,,,,1
2005,Brazil,"Syrian Arab Rep.",5,,,,,,,5
2005,Canada,"Syrian Arab Rep.",397,64,,,,,,461
2005,Switzerland,"Syrian Arab Rep.",294,91,,,,,,385
2005,"Côte d'Ivoire","Syrian Arab Rep.",3,,,,,,,3
2005,Cyprus,"Syrian Arab Rep.",42,1535,,,,,,1577
2005,"Czech Rep.","Syrian Arab Rep.",13,12,,,,,,25
2005,Germany,"Syrian Arab Rep.",10469,2888,,,,,,13357
2005,Denmark,"Syrian Arab Rep.",188,12,,,,,,200
2005,Algeria,"Syrian Arab Rep.",3,,,,,,,3
2005,Ecuador,"Syrian Arab Rep.",1,,,,,,,1
2005,Egypt,"Syrian Arab Rep.",2,,,,,,,2
2005,Spain,"Syrian Arab Rep.",21,,,,,,,21
2005,Finland,"Syrian Arab Rep.",39,,,,,,,39
2005,France,"Syrian Arab Rep.",213,,,,,,,213
2005,"United Kingdom","Syrian Arab Rep.",208,,,,,,,208
2005,Greece,"Syrian Arab Rep.",49,29,,,,,,78
2005,Hungary,"Syrian Arab Rep.",44,5,,,,,,49
2005,Indonesia,"Syrian Arab Rep.",1,,1,,,,,2
2005,Ireland,"Syrian Arab Rep.",27,,,,,,,27
2005,Iraq,"Syrian Arab Rep.",627,774,18,,,,,1419
2005,Iceland,"Syrian Arab Rep.",1,,,,,,,1
2005,Israel,"Syrian Arab Rep.",2,2,,,,,,4
2005,Italy,"Syrian Arab Rep.",47,,,,,,,47
2005,Jordan,"Syrian Arab Rep.",40,65,,,,,,105
2005,Kyrgyzstan,"Syrian Arab Rep.",,16,,,,,,16
2005,Kuwait,"Syrian Arab Rep.",,7,,,,,,7
2005,Morocco,"Syrian Arab Rep.",3,,,,,,,3
2005,"Rep. of Moldova","Syrian Arab Rep.",8,17,,,,,,25
2005,Malta,"Syrian Arab Rep.",8,6,,,,,,14
2005,Malaysia,"Syrian Arab Rep.",,1,,,,,,1
2005,Netherlands,"Syrian Arab Rep.",1674,336,,,,,,2010
2005,Norway,"Syrian Arab Rep.",144,,,,,,,144
2005,"New Zealand","Syrian Arab Rep.",37,10,,,,,,47
2005,Oman,"Syrian Arab Rep.",7,1,,,,,,8
2005,Pakistan,"Syrian Arab Rep.",8,,,,,,,8
2005,Peru,"Syrian Arab Rep.",,2,,,,,,2
2005,Poland,"Syrian Arab Rep.",6,7,,,,,,13
2005,Qatar,"Syrian Arab Rep.",,2,,,,,,2
2005,Romania,"Syrian Arab Rep.",24,3,,,,,,27
2005,"Saudi Arabia","Syrian Arab Rep.",5,9,,,,,,14
2005,Sudan,"Syrian Arab Rep.",1,,,,,,,1
2005,Slovakia,"Syrian Arab Rep.",,10,,,,,,10
2005,Sweden,"Syrian Arab Rep.",1032,367,,,,,,1399
2005,"Syrian Arab Rep.","Syrian Arab Rep.",,,,,,300000,,300000
2005,Thailand,"Syrian Arab Rep.",1,1,,,,,,2
2005,Tunisia,"Syrian Arab Rep.",5,,,,,,,5
2005,Turkey,"Syrian Arab Rep.",12,7,,,,,,19
2005,Ukraine,"Syrian Arab Rep.",39,41,,,,,,80
2005,"United States of America","Syrian Arab Rep.",150,173,,,,,,323
2005,Uzbekistan,"Syrian Arab Rep.",,8,,,,,,8
2005,Yemen,"Syrian Arab Rep.",25,33,,,,,,58
2006,"United Arab Emirates","Syrian Arab Rep.",71,10,,,,,,81
2006,Armenia,"Syrian Arab Rep.",,2,,,,,,2
2006,Australia,"Syrian Arab Rep.",123,9,,,,,,132
2006,Austria,"Syrian Arab Rep.",167,290,,,,,,457
2006,Azerbaijan,"Syrian Arab Rep.",1,,,,,,,1
2006,Belgium,"Syrian Arab Rep.",100,153,,,,,,253
2006,Benin,"Syrian Arab Rep.",1,,,,,,,1
2006,Bulgaria,"Syrian Arab Rep.",79,,,,,,,79
2006,"Bosnia and Herzegovina","Syrian Arab Rep.",1,,,,,,,1
2006,Brazil,"Syrian Arab Rep.",5,1,,,,,,6
2006,Canada,"Syrian Arab Rep.",415,41,,,,,,456
2006,Switzerland,"Syrian Arab Rep.",388,117,,,,,,505
2006,"Côte d'Ivoire","Syrian Arab Rep.",3,,,,,,,3
2006,Cyprus,"Syrian Arab Rep.",50,2461,,,,,,2511
2006,"Czech Rep.","Syrian Arab Rep.",14,31,,,,,,45
2006,Germany,"Syrian Arab Rep.",5845,2117,,,,,,7962
2006,Denmark,"Syrian Arab Rep.",213,11,,,,,,224
2006,Algeria,"Syrian Arab Rep.",3,,,,,,,3
2006,Ecuador,"Syrian Arab Rep.",1,,,,,,,1
2006,Egypt,"Syrian Arab Rep.",4,9,,,,,,13
2006,Spain,"Syrian Arab Rep.",21,,,,,,,21
2006,Finland,"Syrian Arab Rep.",42,12,,,,,,54
2006,France,"Syrian Arab Rep.",216,,,,,,,216
2006,"United Kingdom","Syrian Arab Rep.",286,,,,,,,286
2006,Greece,"Syrian Arab Rep.",50,11,,,,,,61
2006,Hungary,"Syrian Arab Rep.",46,14,,,,,,60
2006,Indonesia,"Syrian Arab Rep.",1,,,,,,,1
2006,India,"Syrian Arab Rep.",,6,,,,,,6
2006,Ireland,"Syrian Arab Rep.",29,12,,,,,,41
2006,"Iran (Islamic Rep. of)","Syrian Arab Rep.",,1,,,,,,1
2006,Iraq,"Syrian Arab Rep.",663,911,3,,,,,1577
2006,Iceland,"Syrian Arab Rep.",1,,,,,,,1
2006,Israel,"Syrian Arab Rep.",2,2,,,,,,4
2006,Italy,"Syrian Arab Rep.",62,,,,,,,62
2006,Jordan,"Syrian Arab Rep.",42,57,,,,,,99
2006,Kyrgyzstan,"Syrian Arab Rep.",,14,,,,,,14
2006,Kuwait,"Syrian Arab Rep.",,1,,,,,,1
2006,Lebanon,"Syrian Arab Rep.",6,18,,,,,,24
2006,Libya,"Syrian Arab Rep.",,8,,,,,,8
2006,Lithuania,"Syrian Arab Rep.",,1,,,,,,1
2006,Morocco,"Syrian Arab Rep.",2,,,,,,,2
2006,"Rep. of Moldova","Syrian Arab Rep.",17,2,,,,,,19
2006,Mexico,"Syrian Arab Rep.",,1,,,,,,1
2006,Malta,"Syrian Arab Rep.",11,,,,,,,11
2006,Malaysia,"Syrian Arab Rep.",,1,,,,,,1
2006,Nigeria,"Syrian Arab Rep.",,1,,,,,,1
2006,Netherlands,"Syrian Arab Rep.",1559,362,,,,,,1921
2006,Norway,"Syrian Arab Rep.",146,82,,,,,,228
2006,"New Zealand","Syrian Arab Rep.",38,2,,,,,,40
2006,Oman,"Syrian Arab Rep.",7,1,,,,,,8
2006,Pakistan,"Syrian Arab Rep.",8,,,,,,,8
2006,Poland,"Syrian Arab Rep.",7,2,,,,,,9
2006,Qatar,"Syrian Arab Rep.",,2,,,,,,2
2006,Romania,"Syrian Arab Rep.",28,8,,,,,,36
2006,"Saudi Arabia","Syrian Arab Rep.",5,10,,,,,,15
2006,Slovakia,"Syrian Arab Rep.",,10,,,,,,10
2006,Sweden,"Syrian Arab Rep.",1065,462,,,,,,1527
2006,"Syrian Arab Rep.","Syrian Arab Rep.",1,8,,,,300000,,300009
2006,Thailand,"Syrian Arab Rep.",1,,,,,,,1
2006,Tunisia,"Syrian Arab Rep.",5,,,,,,,5
2006,Turkey,"Syrian Arab Rep.",2,5,,,,,,7
2006,Ukraine,"Syrian Arab Rep.",37,34,,,,,,71
2006,"United States of America","Syrian Arab Rep.",423,162,,,,,,585
2006,Yemen,"Syrian Arab Rep.",25,38,,,,,,63
2007,"United Arab Emirates","Syrian Arab Rep.",30,18,,,,,,48
2007,Armenia,"Syrian Arab Rep.",,2,,,,,,2
2007,Australia,"Syrian Arab Rep.",78,2,,,,,,80
2007,Austria,"Syrian Arab Rep.",255,326,,,,,,581
2007,Azerbaijan,"Syrian Arab Rep.",1,,,,,,,1
2007,Belgium,"Syrian Arab Rep.",114,0,,,,,,114
2007,Benin,"Syrian Arab Rep.",1,,,,,,,1
2007,Bulgaria,"Syrian Arab Rep.",85,0,,,,,,85
2007,"Bosnia and Herzegovina","Syrian Arab Rep.",1,1,,,,,,2
2007,Belarus,"Syrian Arab Rep.",,0,,,,,,
2007,Brazil,"Syrian Arab Rep.",5,1,,,,,,6
2007,Canada,"Syrian Arab Rep.",624,88,,,,,,712
2007,Switzerland,"Syrian Arab Rep.",430,299,,,,,,729
2007,Cyprus,"Syrian Arab Rep.",65,2262,,,,,,2327
2007,"Czech Rep.","Syrian Arab Rep.",15,18,,,,,,33
2007,Germany,"Syrian Arab Rep.",6996,1414,,,,,,8410
2007,Denmark,"Syrian Arab Rep.",218,43,,,,,,261
2007,Algeria,"Syrian Arab Rep.",3,1,,,,,,4
2007,Ecuador,"Syrian Arab Rep.",10,2,,,,,,12
2007,Egypt,"Syrian Arab Rep.",4,15,,,,,,19
2007,Spain,"Syrian Arab Rep.",21,0,,,,,,21
2007,Finland,"Syrian Arab Rep.",46,5,,,,,,51
2007,France,"Syrian Arab Rep.",217,0,,,,,,217
2007,"United Kingdom","Syrian Arab Rep.",364,0,,,,,,364
2007,Greece,"Syrian Arab Rep.",47,392,,,,,,439
2007,Hungary,"Syrian Arab Rep.",42,26,,,,,,68
2007,Indonesia,"Syrian Arab Rep.",1,,,,,,,1
2007,India,"Syrian Arab Rep.",4,2,,,,,,6
2007,Ireland,"Syrian Arab Rep.",34,13,,,,,,47
2007,"Iran (Islamic Rep. of)","Syrian Arab Rep.",,0,,,,,,
2007,Iraq,"Syrian Arab Rep.",590,976,21,,,,,1587
2007,Iceland,"Syrian Arab Rep.",1,1,,,,,,2
2007,Israel,"Syrian Arab Rep.",2,2,,,,,,4
2007,Italy,"Syrian Arab Rep.",84,0,,,,,,84
2007,Jordan,"Syrian Arab Rep.",41,60,,,,,,101
2007,Kyrgyzstan,"Syrian Arab Rep.",4,14,,,,,,18
2007,Kuwait,"Syrian Arab Rep.",,9,,,,,,9
2007,Lebanon,"Syrian Arab Rep.",48,42,,,,,,90
2007,Libya,"Syrian Arab Rep.",2,9,,,,,,11
2007,Lithuania,"Syrian Arab Rep.",3,0,,,,,,3
2007,Morocco,"Syrian Arab Rep.",2,,,,,,,2
2007,"Rep. of Moldova","Syrian Arab Rep.",11,3,3,,,,,17
2007,Malta,"Syrian Arab Rep.",11,0,,,,,,11
2007,Malaysia,"Syrian Arab Rep.",3,1,,,,,,4
2007,Nigeria,"Syrian Arab Rep.",,0,,,,,,
2007,Netherlands,"Syrian Arab Rep.",1421,0,,,,,,1421
2007,Norway,"Syrian Arab Rep.",149,86,,,,,,235
2007,"New Zealand","Syrian Arab Rep.",30,3,,,,,,33
2007,Oman,"Syrian Arab Rep.",7,1,,,,,,8
2007,Pakistan,"Syrian Arab Rep.",8,,,,,,,8
2007,Poland,"Syrian Arab Rep.",8,4,,,,,,12
2007,Qatar,"Syrian Arab Rep.",,2,,,,,,2
2007,Romania,"Syrian Arab Rep.",29,3,,,,,,32
2007,"Russian Federation","Syrian Arab Rep.",1,,,,,,,1
2007,"Saudi Arabia","Syrian Arab Rep.",5,10,,,,,,15
2007,Slovakia,"Syrian Arab Rep.",13,1,,,,,,14
2007,Sweden,"Syrian Arab Rep.",1081,544,,,,,,1625
2007,"Syrian Arab Rep.","Syrian Arab Rep.",,0,,,,300000,,300000
2007,Thailand,"Syrian Arab Rep.",2,,,,,,,2
2007,Tunisia,"Syrian Arab Rep.",5,,,,,,,5
2007,Turkey,"Syrian Arab Rep.",5,19,,,,,,24
2007,Ukraine,"Syrian Arab Rep.",36,29,,,,,,65
2007,"United States of America","Syrian Arab Rep.",344,78,,,,,,422
2007,Uzbekistan,"Syrian Arab Rep.",1,,,,,,,1
2007,Yemen,"Syrian Arab Rep.",32,41,,,,,,73
2008,"United Arab Emirates","Syrian Arab Rep.",21,22,,,,,,43
2008,Armenia,"Syrian Arab Rep.",,0,,,,,,
2008,Australia,"Syrian Arab Rep.",74,11,,,,,,85
2008,Austria,"Syrian Arab Rep.",333,357,,,,,,690
2008,Belgium,"Syrian Arab Rep.",152,0,,,,,,152
2008,Benin,"Syrian Arab Rep.",1,,,,,,,1
2008,Bulgaria,"Syrian Arab Rep.",86,4,,,,,,90
2008,"Bosnia and Herzegovina","Syrian Arab Rep.",1,1,,,,,,2
2008,Brazil,"Syrian Arab Rep.",5,1,,,,,,6
2008,Canada,"Syrian Arab Rep.",603,133,,,,,,736
2008,Switzerland,"Syrian Arab Rep.",626,575,,,,,,1201
2008,China,"Syrian Arab Rep.",,1,,,,,,1
2008,Cyprus,"Syrian Arab Rep.",70,1010,,,,,,1080
2008,"Czech Rep.","Syrian Arab Rep.",16,38,,,,,,54
2008,Germany,"Syrian Arab Rep.",8205,1418,,,,,,9623
2008,Denmark,"Syrian Arab Rep.",272,30,,,,,,302
2008,Algeria,"Syrian Arab Rep.",,0,,,,,,
2008,Ecuador,"Syrian Arab Rep.",10,0,,,,,,10
2008,Egypt,"Syrian Arab Rep.",9,10,,,,,,19
2008,Spain,"Syrian Arab Rep.",34,0,,,,,,34
2008,Finland,"Syrian Arab Rep.",50,15,,,,,,65
2008,France,"Syrian Arab Rep.",233,0,,,,,,233
2008,"United Kingdom","Syrian Arab Rep.",395,0,,,,,,395
2008,Greece,"Syrian Arab Rep.",39,127,,,,,,166
2008,Hungary,"Syrian Arab Rep.",44,31,,,,,,75
2008,India,"Syrian Arab Rep.",,1,,,,,,1
2008,Ireland,"Syrian Arab Rep.",36,16,,,,,,52
2008,Iraq,"Syrian Arab Rep.",534,1012,8,,,,,1554
2008,Iceland,"Syrian Arab Rep.",1,2,,,,,,3
2008,Israel,"Syrian Arab Rep.",1,2,,,,,,3
2008,Italy,"Syrian Arab Rep.",110,0,,,,,,110
2008,Jordan,"Syrian Arab Rep.",44,124,,,,,,168
2008,Kyrgyzstan,"Syrian Arab Rep.",4,14,,,,,,18
2008,Kuwait,"Syrian Arab Rep.",,9,,,,,,9
2008,Lebanon,"Syrian Arab Rep.",84,66,,,,,,150
2008,Libya,"Syrian Arab Rep.",,12,,,,,,12
2008,Lithuania,"Syrian Arab Rep.",3,0,,,,,,3
2008,Latvia,"Syrian Arab Rep.",,3,,,,,,3
2008,"Rep. of Moldova","Syrian Arab Rep.",12,2,,,,,,14
2008,Malta,"Syrian Arab Rep.",11,0,,,,,,11
2008,Malaysia,"Syrian Arab Rep.",,0,,,,,,
2008,Netherlands,"Syrian Arab Rep.",1326,0,,,,,,1326
2008,Norway,"Syrian Arab Rep.",154,122,,,,,,276
2008,"New Zealand","Syrian Arab Rep.",33,2,,,,,,35
2008,Oman,"Syrian Arab Rep.",7,0,,,,,,7
2008,Pakistan,"Syrian Arab Rep.",8,,,,,,,8
2008,Peru,"Syrian Arab Rep.",,2,,,,,,2
2008,Poland,"Syrian Arab Rep.",8,4,,,,,,12
2008,Qatar,"Syrian Arab Rep.",7,0,,,,,,7
2008,Romania,"Syrian Arab Rep.",25,6,,,,,,31
2008,"Russian Federation","Syrian Arab Rep.",2,4,,,,,,6
2008,"Saudi Arabia","Syrian Arab Rep.",14,0,,,,,,14
2008,"Serbia and Kosovo (S/RES/1244 (1999))","Syrian Arab Rep.",,0,,,,,,
2008,Slovakia,"Syrian Arab Rep.",14,0,,,,,,14
2008,Sweden,"Syrian Arab Rep.",1084,617,,,,,,1701
2008,"Syrian Arab Rep.","Syrian Arab Rep.",,,,,,300000,,300000
2008,Thailand,"Syrian Arab Rep.",1,1,,,,,,2
2008,Tunisia,"Syrian Arab Rep.",5,,,,,,,5
2008,Turkey,"Syrian Arab Rep.",12,21,,,,,,33
2008,Ukraine,"Syrian Arab Rep.",39,47,,,,,,86
2008,"United States of America","Syrian Arab Rep.",320,72,,,,,,392
2008,Uzbekistan,"Syrian Arab Rep.",1,,,,,,,1
2008,Yemen,"Syrian Arab Rep.",32,44,,,,,,76
2009,"United Arab Emirates","Syrian Arab Rep.",21,25,,,,,,46
2009,Argentina,"Syrian Arab Rep.",,0,,,,,,
2009,Australia,"Syrian Arab Rep.",80,7,,,,,,87
2009,Austria,"Syrian Arab Rep.",385,495,,,,,,880
2009,Belgium,"Syrian Arab Rep.",177,0,,,,,,177
2009,Benin,"Syrian Arab Rep.",1,,,,,,,1
2009,Bulgaria,"Syrian Arab Rep.",90,10,,,,,,100
2009,"Bosnia and Herzegovina","Syrian Arab Rep.",1,2,,,,,,3
2009,Belarus,"Syrian Arab Rep.",,0,,,,,,
2009,Brazil,"Syrian Arab Rep.",5,,,,,,,5
2009,Canada,"Syrian Arab Rep.",577,183,,,,,,760
2009,Switzerland,"Syrian Arab Rep.",661,723,,,,,,1384
2009,China,"Syrian Arab Rep.",,1,,,,,,1
2009,Cyprus,"Syrian Arab Rep.",95,404,,,,,,499
2009,"Czech Rep.","Syrian Arab Rep.",15,56,,,,,,71
2009,Germany,"Syrian Arab Rep.",10217,1811,,,,,,12028
2009,Denmark,"Syrian Arab Rep.",392,152,,,,,,544
2009,Ecuador,"Syrian Arab Rep.",10,1,,,,,,11
2009,Egypt,"Syrian Arab Rep.",9,1,,,,,,10
2009,Spain,"Syrian Arab Rep.",33,0,,,,,,33
2009,Estonia,"Syrian Arab Rep.",,0,,,,,,
2009,Finland,"Syrian Arab Rep.",52,31,,,,,,83
2009,France,"Syrian Arab Rep.",244,0,,,,,,244
2009,"United Kingdom","Syrian Arab Rep.",460,0,,,,,,460
2009,Greece,"Syrian Arab Rep.",19,0,,,,,,19
2009,Hungary,"Syrian Arab Rep.",43,3,,,,,,46
2009,Indonesia,"Syrian Arab Rep.",,3,,,,,,3
2009,India,"Syrian Arab Rep.",,0,,,,,,
2009,Ireland,"Syrian Arab Rep.",34,6,,,,,,40
2009,"Iran (Islamic Rep. of)","Syrian Arab Rep.",,1,,,,,,1
2009,Iraq,"Syrian Arab Rep.",757,127,,,,,,884
2009,Iceland,"Syrian Arab Rep.",1,0,,,,,,1
2009,Israel,"Syrian Arab Rep.",,0,,,,,,
2009,Italy,"Syrian Arab Rep.",190,0,,,,,,190
2009,Jordan,"Syrian Arab Rep.",138,144,,,,,,282
2009,Kyrgyzstan,"Syrian Arab Rep.",4,19,,,,,,23
2009,Kuwait,"Syrian Arab Rep.",,13,,,,,,13
2009,Lebanon,"Syrian Arab Rep.",90,100,,,,,,190
2009,Libya,"Syrian Arab Rep.",,8,,,,,,8
2009,Liechtenstein,"Syrian Arab Rep.",,0,,,,,,
2009,Lithuania,"Syrian Arab Rep.",3,0,,,,,,3
2009,Luxembourg,"Syrian Arab Rep.",,0,,,,,,
2009,Latvia,"Syrian Arab Rep.",,0,,,,,,
2009,"Macao SAR, China","Syrian Arab Rep.",,4,,,,,,4
2009,"Rep. of Moldova","Syrian Arab Rep.",10,2,,,,,,12
2009,Malta,"Syrian Arab Rep.",18,7,,,,,,25
2009,Malaysia,"Syrian Arab Rep.",,1,,,,,,1
2009,Netherlands,"Syrian Arab Rep.",1254,98,,,,,,1352
2009,Norway,"Syrian Arab Rep.",152,297,,,,,,449
2009,"New Zealand","Syrian Arab Rep.",35,2,,,,,,37
2009,Oman,"Syrian Arab Rep.",7,,,,,,,7
2009,Pakistan,"Syrian Arab Rep.",8,,,,,,,8
2009,Peru,"Syrian Arab Rep.",,0,,,,,,
2009,Poland,"Syrian Arab Rep.",8,3,,,,,,11
2009,Qatar,"Syrian Arab Rep.",7,,,,,,,7
2009,Romania,"Syrian Arab Rep.",19,11,,,,,,30
2009,"Russian Federation","Syrian Arab Rep.",4,3,,,,,,7
2009,"Saudi Arabia","Syrian Arab Rep.",14,6,,,,,,20
2009,Slovakia,"Syrian Arab Rep.",20,0,,,,,,20
2009,Sweden,"Syrian Arab Rep.",1118,594,,,,,,1712
2009,"Syrian Arab Rep.","Syrian Arab Rep.",,,,,,300000,,300000
2009,Thailand,"Syrian Arab Rep.",,1,,,,,,1
2009,Tunisia,"Syrian Arab Rep.",5,,,,,,,5
2009,Turkey,"Syrian Arab Rep.",8,56,,,,,,64
2009,Ukraine,"Syrian Arab Rep.",42,54,,,,,,96
2009,"United States of America","Syrian Arab Rep.",341,67,,,,,,408
2009,Yemen,"Syrian Arab Rep.",40,38,,,,,,78
2010,"United Arab Emirates","Syrian Arab Rep.",34,9,,,,,,43
2010,Armenia,"Syrian Arab Rep.",,0,,,,,,
2010,Australia,"Syrian Arab Rep.",68,18,,,,,,86
2010,Austria,"Syrian Arab Rep.",505,471,,,,,,976
2010,Belgium,"Syrian Arab Rep.",229,0,,,,,,229
2010,Benin,"Syrian Arab Rep.",1,,,,,,,1
2010,Bulgaria,"Syrian Arab Rep.",95,30,,,,,,125
2010,"Bosnia and Herzegovina","Syrian Arab Rep.",1,2,,,,,,3
2010,"Bolivia (Plurinational State of)","Syrian Arab Rep.",,2,,,,,,2
2010,Brazil,"Syrian Arab Rep.",5,0,,,,,,5
2010,Canada,"Syrian Arab Rep.",545,221,,,,,,766
2010,Switzerland,"Syrian Arab Rep.",694,859,,,,,,1553
2010,China,"Syrian Arab Rep.",,0,,,,,,
2010,Cyprus,"Syrian Arab Rep.",125,242,,,,,,367
2010,"Czech Rep.","Syrian Arab Rep.",23,36,,,,,,59
2010,Germany,"Syrian Arab Rep.",10518,2690,,,,,,13208
2010,Denmark,"Syrian Arab Rep.",750,483,,,,,,1233
2010,"Dominican Rep.","Syrian Arab Rep.",,1,,,,,,1
2010,Ecuador,"Syrian Arab Rep.",9,2,,,,,,11
2010,Egypt,"Syrian Arab Rep.",8,2,,,,,,10
2010,Spain,"Syrian Arab Rep.",35,12,,,,,,47
2010,Finland,"Syrian Arab Rep.",59,23,,,,,,82
2010,France,"Syrian Arab Rep.",280,0,,,,,,280
2010,"United Kingdom","Syrian Arab Rep.",499,0,,,,,,499
2010,Greece,"Syrian Arab Rep.",16,2217,,,,,,2233
2010,Croatia,"Syrian Arab Rep.",,4,,,,,,4
2010,Hungary,"Syrian Arab Rep.",39,8,,,,,,47
2010,Indonesia,"Syrian Arab Rep.",,0,,,,,,
2010,Ireland,"Syrian Arab Rep.",34,10,,,,,,44
2010,"Iran (Islamic Rep. of)","Syrian Arab Rep.",,1,,,,,,1
2010,Iraq,"Syrian Arab Rep.",254,968,,,,,,1222
2010,Iceland,"Syrian Arab Rep.",1,2,,,,,,3
2010,Italy,"Syrian Arab Rep.",211,29,,,,,,240
2010,Jordan,"Syrian Arab Rep.",198,287,,,,,,485
2010,Kyrgyzstan,"Syrian Arab Rep.",11,12,,,,,,23
2010,Kuwait,"Syrian Arab Rep.",4,13,,,,,,17
2010,Lebanon,"Syrian Arab Rep.",64,141,,,,,,205
2010,Liechtenstein,"Syrian Arab Rep.",,0,,,,,,
2010,Lithuania,"Syrian Arab Rep.",3,,,,,,,3
2010,Luxembourg,"Syrian Arab Rep.",,15,,,,,,15
2010,"Macao SAR, China","Syrian Arab Rep.",,4,,,,,,4
2010,"Rep. of Moldova","Syrian Arab Rep.",10,4,,,,,,14
2010,"The former Yugoslav Republic of Macedonia","Syrian Arab Rep.",,1,,,,,,1
2010,Malta,"Syrian Arab Rep.",33,3,,,,,,36
2010,Mauritania,"Syrian Arab Rep.",,0,,,,,,
2010,Malaysia,"Syrian Arab Rep.",,5,,,,,,5
2010,Netherlands,"Syrian Arab Rep.",1186,133,,,,,,1319
2010,Norway,"Syrian Arab Rep.",186,192,,,,,,378
2010,"New Zealand","Syrian Arab Rep.",36,4,,,,,,40
2010,Oman,"Syrian Arab Rep.",7,,,,,,,7
2010,Pakistan,"Syrian Arab Rep.",8,,,,,,,8
2010,Poland,"Syrian Arab Rep.",8,8,,,,,,16
2010,Qatar,"Syrian Arab Rep.",8,,,,,,,8
2010,Romania,"Syrian Arab Rep.",21,13,,,,,,34
2010,"Russian Federation","Syrian Arab Rep.",5,3,,,,,,8
2010,"Saudi Arabia","Syrian Arab Rep.",14,7,,,,,,21
2010,"Serbia and Kosovo (S/RES/1244 (1999))","Syrian Arab Rep.",,0,,,,,,
2010,Slovakia,"Syrian Arab Rep.",22,0,,,,,,22
2010,Slovenia,"Syrian Arab Rep.",,0,,,,,,
2010,Sweden,"Syrian Arab Rep.",1169,371,,,,,,1540
2010,"Syrian Arab Rep.","Syrian Arab Rep.",,,,,,300000,,300000
2010,Chad,"Syrian Arab Rep.",1,,,,,,,1
2010,Thailand,"Syrian Arab Rep.",,1,,,,,,1
2010,Tunisia,"Syrian Arab Rep.",5,,,,,,,5
2010,Turkey,"Syrian Arab Rep.",9,65,,,,,,74
2010,Ukraine,"Syrian Arab Rep.",42,96,,,,,,138
2010,"United States of America","Syrian Arab Rep.",312,10,,,,,,322
2010,Yemen,"Syrian Arab Rep.",52,34,,,,,,86
2011,"United Arab Emirates","Syrian Arab Rep.",37,6,,,,,,43
2011,Armenia,"Syrian Arab Rep.",6,2,,,,,,8
2011,Australia,"Syrian Arab Rep.",84,66,,,,,,150
2011,Austria,"Syrian Arab Rep.",903,456,,,,,,1359
2011,Azerbaijan,"Syrian Arab Rep.",1,0,,,,,,1
2011,Belgium,"Syrian Arab Rep.",312,666,,,,,,978
2011,Benin,"Syrian Arab Rep.",1,,,,,,,1
2011,Bulgaria,"Syrian Arab Rep.",98,70,,,,,,168
2011,Bahrain,"Syrian Arab Rep.",,3,,,,,,3
2011,"Bosnia and Herzegovina","Syrian Arab Rep.",1,2,,,,,,3
2011,Brazil,"Syrian Arab Rep.",6,13,,,,,,19
2011,Canada,"Syrian Arab Rep.",547,251,,,,,,798
2011,Switzerland,"Syrian Arab Rep.",1074,1066,,,,,,2140
2011,China,"Syrian Arab Rep.",,2,,,,,,2
2011,"Costa Rica","Syrian Arab Rep.",,1,,,,,,1
2011,Cyprus,"Syrian Arab Rep.",137,345,,,,,,482
2011,"Czech Rep.","Syrian Arab Rep.",23,0,,,,,,23
2011,Germany,"Syrian Arab Rep.",10155,4713,,,,,,14868
2011,Denmark,"Syrian Arab Rep.",1197,93,,,,,,1290
2011,"Dominican Rep.","Syrian Arab Rep.",,1,,,,,,1
2011,Algeria,"Syrian Arab Rep.",,4,,,,,,4
2011,Ecuador,"Syrian Arab Rep.",11,0,,,,,,11
2011,Egypt,"Syrian Arab Rep.",9,85,,,,,,94
2011,Spain,"Syrian Arab Rep.",32,0,,,,,,32
2011,Finland,"Syrian Arab Rep.",86,75,,,,,,161
2011,France,"Syrian Arab Rep.",351,0,,,,,,351
2011,"United Kingdom","Syrian Arab Rep.",693,339,,,,,,1032
2011,Greece,"Syrian Arab Rep.",10,0,,,,,,10
2011,Croatia,"Syrian Arab Rep.",,4,,,,,,4
2011,Hungary,"Syrian Arab Rep.",42,0,,,,,,42
2011,Indonesia,"Syrian Arab Rep.",,7,,,,,,7
2011,India,"Syrian Arab Rep.",,1,,,,,,1
2011,Ireland,"Syrian Arab Rep.",27,18,,,,,,45
2011,"Iran (Islamic Rep. of)","Syrian Arab Rep.",,0,,,,,,
2011,Iraq,"Syrian Arab Rep.",323,1391,,,,,,1714
2011,Iceland,"Syrian Arab Rep.",1,0,,,,,,1
2011,Israel,"Syrian Arab Rep.",,0,,,,,,
2011,Italy,"Syrian Arab Rep.",262,0,,,,,,262
2011,Jordan,"Syrian Arab Rep.",193,2618,,,,,,2811
2011,Japan,"Syrian Arab Rep.",,0,,,,,,
2011,Kazakhstan,"Syrian Arab Rep.",,2,,,,,,2
2011,Kyrgyzstan,"Syrian Arab Rep.",9,11,,,,,,20
2011,"Rep. of Korea","Syrian Arab Rep.",,2,,,,,,2
2011,Kuwait,"Syrian Arab Rep.",10,10,,,,,,20
2011,Lebanon,"Syrian Arab Rep.",124,367,,,,,,491
2011,Lebanon,"Syrian Arab Rep.",,,,,,,4840,4840
2011,"Sri Lanka","Syrian Arab Rep.",1,0,,,,,,1
2011,Lithuania,"Syrian Arab Rep.",4,0,,,,,,4
2011,Luxembourg,"Syrian Arab Rep.",,0,,,,,,
2011,Latvia,"Syrian Arab Rep.",4,11,,,,,,15
2011,"Macao SAR, China","Syrian Arab Rep.",,4,,,,,,4
2011,Morocco,"Syrian Arab Rep.",,5,,,,,,5
2011,"Rep. of Moldova","Syrian Arab Rep.",11,10,,,,,,21
2011,"The former Yugoslav Republic of Macedonia","Syrian Arab Rep.",,0,,,,,,
2011,Malta,"Syrian Arab Rep.",80,72,,,,,,152
2011,Montenegro,"Syrian Arab Rep.",,0,,,,,,
2011,Malaysia,"Syrian Arab Rep.",4,8,,,,,,12
2011,Netherlands,"Syrian Arab Rep.",1064,231,,,,,,1295
2011,Norway,"Syrian Arab Rep.",171,336,,,,,,507
2011,"New Zealand","Syrian Arab Rep.",35,2,,,,,,37
2011,Oman,"Syrian Arab Rep.",7,4,,,,,,11
2011,Pakistan,"Syrian Arab Rep.",8,2,,,,,,10
2011,Panama,"Syrian Arab Rep.",,2,,,,,,2
2011,Philippines,"Syrian Arab Rep.",,2,,,,,,2
2011,Poland,"Syrian Arab Rep.",10,10,,,,,,20
2011,Qatar,"Syrian Arab Rep.",8,,,,,,,8
2011,Romania,"Syrian Arab Rep.",20,27,,,,,,47
2011,"Russian Federation","Syrian Arab Rep.",4,12,,,,,,16
2011,"Saudi Arabia","Syrian Arab Rep.",14,12,,,,,,26
2011,"Serbia and Kosovo (S/RES/1244 (1999))","Syrian Arab Rep.",,0,,,,,,
2011,Slovakia,"Syrian Arab Rep.",23,0,,,,,,23
2011,Slovenia,"Syrian Arab Rep.",,6,,,,,,6
2011,Sweden,"Syrian Arab Rep.",1206,485,,,,,,1691
2011,"Syrian Arab Rep.","Syrian Arab Rep.",,,,,,231000,,231000
2011,Chad,"Syrian Arab Rep.",3,0,,,,,,3
2011,Togo,"Syrian Arab Rep.",1,0,,,,,,1
2011,Thailand,"Syrian Arab Rep.",,8,,,,,,8
2011,Tunisia,"Syrian Arab Rep.",11,0,,,,,,11
2011,Turkey,"Syrian Arab Rep.",19,205,,,,,9270,9494
2011,Ukraine,"Syrian Arab Rep.",43,176,,,,,,219
2011,"United States of America","Syrian Arab Rep.",373,112,,,,,,485
2011,Yemen,"Syrian Arab Rep.",42,24,,,,,,66
2012,Afghanistan,"Syrian Arab Rep.",1,0,,,,,,1
2012,Angola,"Syrian Arab Rep.",,1,,,,,,1
2012,Albania,"Syrian Arab Rep.",,3,,,,,,3
2012,"United Arab Emirates","Syrian Arab Rep.",16,14,,,,,,30
2012,Argentina,"Syrian Arab Rep.",40,9,,,,,,49
2012,Armenia,"Syrian Arab Rep.",136,340,,,,,5500,5976
2012,Australia,"Syrian Arab Rep.",204,74,,,,,,278
2012,Austria,"Syrian Arab Rep.",1675,694,,,,,,2369
2012,Azerbaijan,"Syrian Arab Rep.",3,6,,,,,,9
2012,Belgium,"Syrian Arab Rep.",355,938,,,,,,1293
2012,Benin,"Syrian Arab Rep.",1,0,,,,,,1
2012,Bulgaria,"Syrian Arab Rep.",97,0,,,,,,97
2012,Bahrain,"Syrian Arab Rep.",,3,,,,,,3
2012,"Bosnia and Herzegovina","Syrian Arab Rep.",5,26,,,,,,31
2012,Belarus,"Syrian Arab Rep.",,11,,,,,,11
2012,Brazil,"Syrian Arab Rep.",42,67,,,,,,109
2012,Canada,"Syrian Arab Rep.",533,404,,,,,,937
2012,Switzerland,"Syrian Arab Rep.",1391,1692,,,,,,3083
2012,Chile,"Syrian Arab Rep.",,5,,,,,,5
2012,China,"Syrian Arab Rep.",,0,,,,,,
2012,Cameroon,"Syrian Arab Rep.",1,3,,,,,,4
2012,Colombia,"Syrian Arab Rep.",1,2,,,,,,3
2012,"Costa Rica","Syrian Arab Rep.",,2,,,,,,2
2012,Cuba,"Syrian Arab Rep.",11,3,,,,,,14
2012,Cyprus,"Syrian Arab Rep.",139,946,,,,,,1085
2012,"Czech Rep.","Syrian Arab Rep.",54,70,,,,,,124
2012,Germany,"Syrian Arab Rep.",18165,5986,,,,,,24151
2012,Denmark,"Syrian Arab Rep.",1903,115,,,,,,2018
2012,"Dominican Rep.","Syrian Arab Rep.",7,0,,,,,,7
2012,Algeria,"Syrian Arab Rep.",,236,,,,,,236
2012,Ecuador,"Syrian Arab Rep.",11,0,,,,,,11
2012,Egypt,"Syrian Arab Rep.",12836,0,,,,,,12836
2012,Spain,"Syrian Arab Rep.",32,320,,,,,,352
2012,Estonia,"Syrian Arab Rep.",,0,,,,,,
2012,Finland,"Syrian Arab Rep.",218,110,,,,,,328
2012,France,"Syrian Arab Rep.",640,0,,,,,,640
2012,"United Kingdom","Syrian Arab Rep.",1717,389,,,,,,2106
2012,Georgia,"Syrian Arab Rep.",141,16,,,,,,157
2012,Ghana,"Syrian Arab Rep.",,2,,,,,,2
2012,Greece,"Syrian Arab Rep.",20,0,,,,,,20
2012,"China, Macao SAR","Syrian Arab Rep.",,1,,,,,,1
2012,Croatia,"Syrian Arab Rep.",12,40,,,,,,52
2012,Hungary,"Syrian Arab Rep.",86,0,,,,,,86
2012,Indonesia,"Syrian Arab Rep.",5,48,,,,,,53
2012,India,"Syrian Arab Rep.",6,5,,,,,,11
2012,Ireland,"Syrian Arab Rep.",38,15,,,,,,53
2012,Iraq,"Syrian Arab Rep.",63586,1185,,,,,,64771
2012,Iceland,"Syrian Arab Rep.",2,2,,,,,,4
2012,Israel,"Syrian Arab Rep.",,0,,,,,,
2012,Italy,"Syrian Arab Rep.",445,507,,,,,,952
2012,Jordan,"Syrian Arab Rep.",238798,491,,,,,,239289
2012,Japan,"Syrian Arab Rep.",,18,,,,,,18
2012,Kazakhstan,"Syrian Arab Rep.",,12,,,,,,12
2012,Kyrgyzstan,"Syrian Arab Rep.",7,34,,,,,,41
2012,Cambodia,"Syrian Arab Rep.",,1,,,,,,1
2012,"Rep. of Korea","Syrian Arab Rep.",,146,,,,,,146
2012,Kuwait,"Syrian Arab Rep.",15,8,,,,,,23
2012,Lebanon,"Syrian Arab Rep.",126939,242,,,,,,127181
2012,Libya,"Syrian Arab Rep.",,3794,,,,,,3794
2012,Liechtenstein,"Syrian Arab Rep.",,0,,,,,,
2012,"Sri Lanka","Syrian Arab Rep.",1,,,,,,,1
2012,Lithuania,"Syrian Arab Rep.",5,5,,,,,,10
2012,Luxembourg,"Syrian Arab Rep.",,0,,,,,,
2012,Latvia,"Syrian Arab Rep.",17,15,,,,,,32
2012,"Macao SAR, China","Syrian Arab Rep.",,1,,,,,,1
2012,Morocco,"Syrian Arab Rep.",,842,,,,,,842
2012,"Rep. of Moldova","Syrian Arab Rep.",55,33,,,,,,88
2012,Mexico,"Syrian Arab Rep.",2,0,,,,,,2
2012,"The former Yugoslav Republic of Macedonia","Syrian Arab Rep.",,1,,,,,,1
2012,Malta,"Syrian Arab Rep.",191,139,,,,,,330
2012,Montenegro,"Syrian Arab Rep.",,7,,,,,,7
2012,Malaysia,"Syrian Arab Rep.",4,83,,,,,,87
2012,Niger,"Syrian Arab Rep.",,6,,,,,,6
2012,Nigeria,"Syrian Arab Rep.",,1,,,,,,1
2012,Netherlands,"Syrian Arab Rep.",1449,231,,,,,,1680
2012,Norway,"Syrian Arab Rep.",565,306,,,,,,871
2012,Nepal,"Syrian Arab Rep.",,0,,,,,,
2012,"New Zealand","Syrian Arab Rep.",41,3,,,,,,44
2012,Oman,"Syrian Arab Rep.",7,4,,,,,,11
2012,Pakistan,"Syrian Arab Rep.",11,0,,,,,,11
2012,Panama,"Syrian Arab Rep.",,0,,,,,,
2012,Philippines,"Syrian Arab Rep.",,5,,,,,,5
2012,Poland,"Syrian Arab Rep.",17,83,,,,,,100
2012,Portugal,"Syrian Arab Rep.",,9,,,,,,9
2012,Qatar,"Syrian Arab Rep.",8,1,,,,,,9
2012,Romania,"Syrian Arab Rep.",152,10,,,,,,162
2012,"Russian Federation","Syrian Arab Rep.",53,91,,,,,1400,1544
2012,"Saudi Arabia","Syrian Arab Rep.",14,12,,,,,,26
2012,Sudan,"Syrian Arab Rep.",,32,,,,,,32
2012,"Serbia and Kosovo (S/RES/1244 (1999))","Syrian Arab Rep.",,49,,,,,,49
2012,Slovakia,"Syrian Arab Rep.",24,0,,,,,,24
2012,Slovenia,"Syrian Arab Rep.",2,8,,,,,,10
2012,Sweden,"Syrian Arab Rep.",6051,3751,,,,,,9802
2012,"Syrian Arab Rep.","Syrian Arab Rep.",,,,2016500,,221000,,2237500
2012,Chad,"Syrian Arab Rep.",4,0,,,,,,4
2012,Togo,"Syrian Arab Rep.",1,8,,,,,,9
2012,Thailand,"Syrian Arab Rep.",10,60,,,,,,70
2012,Tunisia,"Syrian Arab Rep.",6,30,,,,,,36
2012,Turkey,"Syrian Arab Rep.",248466,200,68573,,,,,317239
2012,"United Rep. of Tanzania","Syrian Arab Rep.",,1,,,,,,1
2012,Uganda,"Syrian Arab Rep.",,1,,,,,,1
2012,Ukraine,"Syrian Arab Rep.",63,453,,,,,,516
2012,"United States of America","Syrian Arab Rep.",1425,367,,,,,,1792
2012,Yemen,"Syrian Arab Rep.",42,131,,,,,,173
2012,"South Africa","Syrian Arab Rep.",2,8,,,,,,10
2013,Angola,"Syrian Arab Rep.",,1,,,,,,1
2013,Albania,"Syrian Arab Rep.",,15,,,,,,15
2013,"United Arab Emirates","Syrian Arab Rep.",16,14,,,,,,30
2013,Argentina,"Syrian Arab Rep.",159,12,,,,,,171
2013,Armenia,"Syrian Arab Rep.",11090,42,,,,,,11132
2013,"Antigua and Barbuda","Syrian Arab Rep.",,1,,,,,,1
2013,Australia,"Syrian Arab Rep.",265,139,,,,,,404
2013,Austria,"Syrian Arab Rep.",2748,1561,,,,,,4309
2013,Azerbaijan,"Syrian Arab Rep.",9,6,,,,,,15
2013,Belgium,"Syrian Arab Rep.",1987,378,,,,,,2365
2013,Benin,"Syrian Arab Rep.",1,0,,,,,,1
2013,Bulgaria,"Syrian Arab Rep.",2104,2500,,,,,,4604
2013,Bahrain,"Syrian Arab Rep.",,0,,,,,,
2013,"Bosnia and Herzegovina","Syrian Arab Rep.",48,18,,,,,,66
2013,Belarus,"Syrian Arab Rep.",35,25,,,,,,60
2013,Belize,"Syrian Arab Rep.",,0,,,,,,
2013,"Bolivia (Plurinational State of)","Syrian Arab Rep.",3,0,,,,,,3
2013,Brazil,"Syrian Arab Rep.",333,70,,,,,,403
2013,Barbados,"Syrian Arab Rep.",1,0,,,,,,1
2013,Canada,"Syrian Arab Rep.",592,435,,,,,,1027
2013,Switzerland,"Syrian Arab Rep.",2012,2849,,,,,,4861
2013,Chile,"Syrian Arab Rep.",5,5,,,,,,10
2013,China,"Syrian Arab Rep.",,1,,,,,,1
2013,"Côte d'Ivoire","Syrian Arab Rep.",2,12,,,,,,14
2013,Cameroon,"Syrian Arab Rep.",1,7,,,,,,8
2013,"Dem. Rep. of the Congo","Syrian Arab Rep.",,2,,,,,,2
2013,Colombia,"Syrian Arab Rep.",2,1,,,,,,3
2013,"Costa Rica","Syrian Arab Rep.",1,4,,,,,,5
2013,Cuba,"Syrian Arab Rep.",24,0,,,,,,24
2013,Curaçao,"Syrian Arab Rep.",1,,,,,,,1
2013,Cyprus,"Syrian Arab Rep.",316,1319,,,,,,1635
2013,"Czech Rep.","Syrian Arab Rep.",149,25,,,,,,174
2013,Germany,"Syrian Arab Rep.",21253,10566,,,,,,31819
2013,Djibouti,"Syrian Arab Rep.",,1,,,,,,1
2013,Denmark,"Syrian Arab Rep.",3271,86,,,,,,3357
2013,"Dominican Rep.","Syrian Arab Rep.",3,,4,,,,,7
2013,Algeria,"Syrian Arab Rep.",,1080,,,,,,1080
2013,Ecuador,"Syrian Arab Rep.",11,4,,,,,,15
2013,Egypt,"Syrian Arab Rep.",131659,,,,,,,131659
2013,Spain,"Syrian Arab Rep.",180,743,,,,,,923
2013,Estonia,"Syrian Arab Rep.",2,10,,,,,,12
2013,Finland,"Syrian Arab Rep.",352,77,,,,,,429
2013,France,"Syrian Arab Rep.",1474,343,,,,,,1817
2013,"United Kingdom","Syrian Arab Rep.",3169,641,,,,,,3810
2013,Georgia,"Syrian Arab Rep.",516,26,,,,,,542
2013,Ghana,"Syrian Arab Rep.",1,55,,,,,,56
2013,Greece,"Syrian Arab Rep.",195,1665,,,,,,1860
2013,Greece,"Syrian Arab Rep.",,,,,,,8000,8000
2013,"China, Macao SAR","Syrian Arab Rep.",,2,,,,,,2
2013,Croatia,"Syrian Arab Rep.",22,37,,,,,,59
2013,Hungary,"Syrian Arab Rep.",141,184,,,,,,325
2013,Indonesia,"Syrian Arab Rep.",36,43,,,,,,79
2013,India,"Syrian Arab Rep.",18,12,,,,,,30
2013,Ireland,"Syrian Arab Rep.",71,15,,,,,,86
2013,Iraq,"Syrian Arab Rep.",212809,1164,,,,,,213973
2013,Iceland,"Syrian Arab Rep.",7,11,,,,,,18
2013,Israel,"Syrian Arab Rep.",1,,,,,,,1
2013,Italy,"Syrian Arab Rep.",840,278,,,,,,1118
2013,Jamaica,"Syrian Arab Rep.",2,0,,,,,,2
2013,Jordan,"Syrian Arab Rep.",585304,0,,,,,,585304
2013,Japan,"Syrian Arab Rep.",26,0,,,,,,26
2013,Kazakhstan,"Syrian Arab Rep.",7,22,,,,,,29
2013,Kyrgyzstan,"Syrian Arab Rep.",14,78,,,,,,92
2013,Cambodia,"Syrian Arab Rep.",,1,,,,,,1
2013,"Rep. of Korea","Syrian Arab Rep.",,431,,,,,,431
2013,Kuwait,"Syrian Arab Rep.",13,8,,,,,,21
2013,Lebanon,"Syrian Arab Rep.",851284,331,1,,,,,851616
2013,Liberia,"Syrian Arab Rep.",,8,,,,,,8
2013,Libya,"Syrian Arab Rep.",16796,,,,,,,16796
2013,"Saint Lucia","Syrian Arab Rep.",1,0,,,,,,1
2013,Liechtenstein,"Syrian Arab Rep.",,0,,,,,,
2013,"Sri Lanka","Syrian Arab Rep.",,0,,,,,,
2013,Lithuania,"Syrian Arab Rep.",18,3,,,,,,21
2013,Luxembourg,"Syrian Arab Rep.",5,23,,,,,,28
2013,Latvia,"Syrian Arab Rep.",33,12,,,,,,45
2013,"Macao SAR, China","Syrian Arab Rep.",,1,,,,,,1
2013,Morocco,"Syrian Arab Rep.",856,0,,,,,,856
2013,"Rep. of Moldova","Syrian Arab Rep.",139,27,,,,,,166
2013,Mexico,"Syrian Arab Rep.",13,0,,,,,,13
2013,"The former Yugoslav Republic of Macedonia","Syrian Arab Rep.",,205,,,,,,205
2013,Malta,"Syrian Arab Rep.",776,102,,,,,,878
2013,Montenegro,"Syrian Arab Rep.",,60,,,,,,60
2013,Mongolia,"Syrian Arab Rep.",,3,,,,,,3
2013,Mauritania,"Syrian Arab Rep.",5,41,,,,,,46
2013,Malaysia,"Syrian Arab Rep.",101,720,,,,,,821
2013,Niger,"Syrian Arab Rep.",6,1,,,,,,7
2013,Nigeria,"Syrian Arab Rep.",9,10,,,,,,19
2013,Netherlands,"Syrian Arab Rep.",3404,0,,,,,,3404
2013,Norway,"Syrian Arab Rep.",1311,259,,,,,,1570
2013,"New Zealand","Syrian Arab Rep.",43,7,,,,,,50
2013,Oman,"Syrian Arab Rep.",7,4,,,,,,11
2013,Pakistan,"Syrian Arab Rep.",13,0,,,,,,13
2013,Peru,"Syrian Arab Rep.",3,0,,,,,,3
2013,Philippines,"Syrian Arab Rep.",7,21,,,,,,28
2013,Poland,"Syrian Arab Rep.",108,100,,,,,,208
2013,Portugal,"Syrian Arab Rep.",14,8,,,,,,22
2013,Qatar,"Syrian Arab Rep.",8,0,,,,,,8
2013,Romania,"Syrian Arab Rep.",932,91,,,,,,1023
2013,"Russian Federation","Syrian Arab Rep.",1163,839,,,,,1400,3402
2013,"Saudi Arabia","Syrian Arab Rep.",14,12,,,,,,26
2013,Sudan,"Syrian Arab Rep.",84,224,,,,,,308
2013,Senegal,"Syrian Arab Rep.",,4,,,,,,4
2013,Somalia,"Syrian Arab Rep.",,8,,,,,,8
2013,"Serbia and Kosovo (S/RES/1244 (1999))","Syrian Arab Rep.",3,60,,,,,,63
2013,"South Sudan","Syrian Arab Rep.",,1,,,,,,1
2013,Slovakia,"Syrian Arab Rep.",26,0,,,,,,26
2013,Slovenia,"Syrian Arab Rep.",9,2,,,,,,11
2013,Sweden,"Syrian Arab Rep.",17984,6808,,,,,,24792
2013,"Syrian Arab Rep.","Syrian Arab Rep.",,,,6520800,,160000,,6680800
2013,Chad,"Syrian Arab Rep.",15,2,,,,,,17
2013,Togo,"Syrian Arab Rep.",,1,,,,,,1
2013,Thailand,"Syrian Arab Rep.",44,144,,,,,,188
2013,"Trinidad and Tobago","Syrian Arab Rep.",1,0,,,,,,1
2013,Tunisia,"Syrian Arab Rep.",164,,,,,,,164
2013,Turkey,"Syrian Arab Rep.",585601,110,140756,,,,,726467
2013,"United Rep. of Tanzania","Syrian Arab Rep.",,6,,,,,,6
2013,Uganda,"Syrian Arab Rep.",,8,,,,,,8
2013,Ukraine,"Syrian Arab Rep.",167,591,,,,,,758
2013,Uruguay,"Syrian Arab Rep.",,1,,,,,,1
2013,"United States of America","Syrian Arab Rep.",3802,1378,,,,,,5180
2013,Yemen,"Syrian Arab Rep.",54,1761,,,,,,1815
2013,"South Africa","Syrian Arab Rep.",8,11,,,,,,19
2013,Zambia,"Syrian Arab Rep.",,4,,,,,,4
2014,Angola,"Syrian Arab Rep.",,*,,,,,,
2014,Albania,"Syrian Arab Rep.",*,8,,,,,,11
2014,"United Arab Emirates","Syrian Arab Rep.",28,12,,,,,,40
2014,Argentina,"Syrian Arab Rep.",233,22,,,,,,255
2014,Armenia,"Syrian Arab Rep.",14994,9,,,,,,15003
2014,"Antigua and Barbuda","Syrian Arab Rep.",,*,,,,,,
2014,Australia,"Syrian Arab Rep.",302,174,,,,,,476
2014,Austria,"Syrian Arab Rep.",2748,*,,,,,,2748
2014,Azerbaijan,"Syrian Arab Rep.",7,7,,,,,,14
2014,Belgium,"Syrian Arab Rep.",2620,733,,,,,,3353
2014,Bulgaria,"Syrian Arab Rep.",8501,2510,,,,,,11011
2014,"Bosnia and Herzegovina","Syrian Arab Rep.",25,*,,,,,,27
2014,Belarus,"Syrian Arab Rep.",72,48,,,,,,120
2014,"Bolivia (Plurinational State of)","Syrian Arab Rep.",6,*,,,,,,6
2014,Brazil,"Syrian Arab Rep.",1739,76,,,,,,1815
2014,Barbados,"Syrian Arab Rep.",*,,,,,,,*
2014,"Central African Rep.","Syrian Arab Rep.",,8,,,,,,8
2014,Canada,"Syrian Arab Rep.",705,184,,,,,,889
2014,Switzerland,"Syrian Arab Rep.",5161,3501,,,,,,8662
2014,Chile,"Syrian Arab Rep.",6,10,,,,,,16
2014,China,"Syrian Arab Rep.",5,*,,,,,,6
2014,"Côte d'Ivoire","Syrian Arab Rep.",*,16,,,,,,19
2014,Cameroon,"Syrian Arab Rep.",*,11,,,,,,13
2014,"Dem. Rep. of the Congo","Syrian Arab Rep.",,*,,,,,,*
2014,Colombia,"Syrian Arab Rep.",*,*,,,,,,6
2014,"Costa Rica","Syrian Arab Rep.",5,*,,,,,,9
2014,Cuba,"Syrian Arab Rep.",20,*,,,,,,20
2014,Curaçao,"Syrian Arab Rep.",*,,,,,,,*
2014,Cyprus,"Syrian Arab Rep.",1451,1109,,,,,,2560
2014,"Czech Rep.","Syrian Arab Rep.",236,54,,,,,,290
2014,Germany,"Syrian Arab Rep.",40994,29591,,,,,,70585
2014,Djibouti,"Syrian Arab Rep.",,*,,,,,,*
2014,Denmark,"Syrian Arab Rep.",7253,1468,,,,,,8721
2014,"Dominican Rep.","Syrian Arab Rep.",*,*,,,,,,*
2014,Algeria,"Syrian Arab Rep.",,4108,,,,,,4108
2014,Ecuador,"Syrian Arab Rep.",13,,,,,,,13
2014,Egypt,"Syrian Arab Rep.",138381,,,,,,,138381
2014,Spain,"Syrian Arab Rep.",1336,781,,,,,,2117
2014,Estonia,"Syrian Arab Rep.",6,*,,,,,,10
2014,Ethiopia,"Syrian Arab Rep.",,8,,,,,,8
2014,Finland,"Syrian Arab Rep.",438,55,,,,,,493
2014,France,"Syrian Arab Rep.",2882,1239,,,,,,4121
2014,Gabon,"Syrian Arab Rep.",,*,,,,,,*
2014,"United Kingdom","Syrian Arab Rep.",4572,1329,,,,,,5901
2014,Georgia,"Syrian Arab Rep.",471,34,,,,,,505
2014,Ghana,"Syrian Arab Rep.",5,73,,,,,,78
2014,Greece,"Syrian Arab Rep.",3913,182,,,,,,4095
2014,"China, Macao SAR","Syrian Arab Rep.",,*,,,,,,*
2014,Croatia,"Syrian Arab Rep.",22,6,,,,,,28
2014,Hungary,"Syrian Arab Rep.",334,823,,,,,,1157
2014,Indonesia,"Syrian Arab Rep.",43,43,,,,,,86
2014,India,"Syrian Arab Rep.",27,18,,,,,,45
2014,Ireland,"Syrian Arab Rep.",176,11,,,,,,187
2014,Iraq,"Syrian Arab Rep.",234196,1225,,,,,*,235422
2014,Iceland,"Syrian Arab Rep.",7,5,,,,,,12
2014,Israel,"Syrian Arab Rep.",*,,,,,,,*
2014,Italy,"Syrian Arab Rep.",1144,331,,,,,,1475
2014,Jamaica,"Syrian Arab Rep.",*,,,,,,,*
2014,Jordan,"Syrian Arab Rep.",623112,*,,,,,,623112
2014,Japan,"Syrian Arab Rep.",41,12,,,,,,53
2014,Kazakhstan,"Syrian Arab Rep.",14,28,,,,,,42
2014,Kenya,"Syrian Arab Rep.",,5,,,,,,5
2014,Kyrgyzstan,"Syrian Arab Rep.",56,17,,,,,,73
2014,Cambodia,"Syrian Arab Rep.",,*,,,,,,*
2014,"Rep. of Korea","Syrian Arab Rep.",503,64,,,,,,567
2014,Kuwait,"Syrian Arab Rep.",15,7,,,,,,22
2014,Lebanon,"Syrian Arab Rep.",1147494,417,,,,,,1147911
2014,Lebanon,"Syrian Arab Rep.",,,,,,,1992,1992
2014,Liberia,"Syrian Arab Rep.",6,*,,,,,,8
2014,Libya,"Syrian Arab Rep.",18653,,,,,,,18653
2014,"Saint Lucia","Syrian Arab Rep.",*,,,,,,,*
2014,Liechtenstein,"Syrian Arab Rep.",5,*,,,,,,5
2014,"Sri Lanka","Syrian Arab Rep.",*,5,,,,,,8
2014,Lithuania,"Syrian Arab Rep.",20,*,,,,,,24
2014,Luxembourg,"Syrian Arab Rep.",59,60,,,,,,119
2014,Latvia,"Syrian Arab Rep.",52,17,,,,,,69
2014,"Macao SAR, China","Syrian Arab Rep.",,*,,,,,,*
2014,Morocco,"Syrian Arab Rep.",647,,,,,,,647
2014,"Rep. of Moldova","Syrian Arab Rep.",186,22,,,,,,208
2014,Mexico,"Syrian Arab Rep.",13,6,,,,,,19
2014,"The former Yugoslav Republic of Macedonia","Syrian Arab Rep.",11,654,,,,,,665
2014,Mali,"Syrian Arab Rep.",16,*,,,,,,17
2014,Malta,"Syrian Arab Rep.",1047,34,,,,,,1081
2014,Montenegro,"Syrian Arab Rep.",,36,,,,,,36
2014,Mongolia,"Syrian Arab Rep.",*,*,,,,,,*
2014,Mauritania,"Syrian Arab Rep.",41,54,,,,,,95
2014,Malaysia,"Syrian Arab Rep.",447,530,,,,,,977
2014,Niger,"Syrian Arab Rep.",6,*,,,,,,7
2014,Nigeria,"Syrian Arab Rep.",11,17,,,,,,28
2014,Netherlands,"Syrian Arab Rep.",8692,2323,,,,,,11015
2014,Norway,"Syrian Arab Rep.",2568,828,,,,,,3396
2014,Nepal,"Syrian Arab Rep.",,*,,,,,,
2014,Nauru,"Syrian Arab Rep.",,5,,,,,,5
2014,"New Zealand","Syrian Arab Rep.",48,6,,,,,,54
2014,Oman,"Syrian Arab Rep.",7,6,,,,,,13
2014,Pakistan,"Syrian Arab Rep.",16,*,,,,,,17
2014,Peru,"Syrian Arab Rep.",20,*,,,,,,22
2014,Philippines,"Syrian Arab Rep.",19,35,,,,,,54
2014,"Papua New Guinea","Syrian Arab Rep.",*,*,,,,,,*
2014,Poland,"Syrian Arab Rep.",240,34,,,,,,274
2014,Portugal,"Syrian Arab Rep.",15,15,,,,,,30
2014,Paraguay,"Syrian Arab Rep.",7,9,,,,,,16
2014,Qatar,"Syrian Arab Rep.",14,*,,,,,,14
2014,Romania,"Syrian Arab Rep.",1278,114,,,,,,1392
2014,"Russian Federation","Syrian Arab Rep.",1927,413,,,,,,2340
2014,"Saudi Arabia","Syrian Arab Rep.",18,12,,,,,,30
2014,Sudan,"Syrian Arab Rep.",797,238,,,,,,1035
2014,Senegal,"Syrian Arab Rep.",,21,,,,,,21
2014,Somalia,"Syrian Arab Rep.",,63,,,,,,63
2014,"Serbia and Kosovo (S/RES/1244 (1999))","Syrian Arab Rep.",6,238,,,,,,244
2014,"South Sudan","Syrian Arab Rep.",,*,,,,,,*
2014,Slovakia,"Syrian Arab Rep.",40,*,,,,,,40
2014,Slovenia,"Syrian Arab Rep.",20,8,,,,,,28
2014,Sweden,"Syrian Arab Rep.",34285,19011,,,,,,53296
2014,"Syrian Arab Rep.","Syrian Arab Rep.",,,,7632500,,160000,,7792500
2014,Chad,"Syrian Arab Rep.",15,*,,,,,,19
2014,Togo,"Syrian Arab Rep.",,6,,,,,,6
2014,Thailand,"Syrian Arab Rep.",82,168,,,,,,250
2014,"Trinidad and Tobago","Syrian Arab Rep.",8,12,,,,,,20
2014,Tunisia,"Syrian Arab Rep.",558,,,,,,,558
2014,Turkey,"Syrian Arab Rep.",1557899,250,,,,,,1558149
2014,Uganda,"Syrian Arab Rep.",*,13,,,,,,14
2014,Ukraine,"Syrian Arab Rep.",341,594,,,,,,935
2014,Uruguay,"Syrian Arab Rep.",48,11,,,,,,59
2014,"United States of America","Syrian Arab Rep.",4750,2302,,,,,,7052
2014,"Venezuela (Bolivarian Republic of)","Syrian Arab Rep.",,*,,,,,,*
2014,Yemen,"Syrian Arab Rep.",2276,1039,,,,,,3315
2014,"South Africa","Syrian Arab Rep.",28,37,,,,,,65
2014,Zambia,"Syrian Arab Rep.",*,9,,,,,,11
2014,Zimbabwe,"Syrian Arab Rep.",,*,,,,,,
